Price_Record_ID,Vendor_ID,Vendor_Name,Paper_Type,Paper_Grade,Brand,GSM,Finish,Color,Sheet_Size_Name (in),SQ. METER,Price_Per_Sheet,Price_Per_Kg,Price_Per_Ream,Sheets_Per_Ream,Stock_Status,MOQ (Sheets),PKT.,Active,,,,
PP001,VEN001,R.J. ENTERPRISE,Special Paper,RENOIR EXTRA WHITE,MOORIM,125.0,Special,White,25*36,900,17.4,2416.666667,8700,500.0,1 Day,1.0,250.0,Yes,,,,
PP002,VEN001,R.J. ENTERPRISE,Special Paper,RENOIR EXTRA WHITE,MOORIM,125.0,Special,White,28*40,1120,22.3,2488.839286,11150,500.0,1 Day,1.0,250.0,Yes,,,,
PP003,VEN001,R.J. ENTERPRISE,Special Paper,RENOIR EXTRA WHITE,MOORIM,150.0,Special,White,25*36,900,19.45,3241.666667,9725,500.0,1 Day,1.0,250.0,Yes,,,,
PP004,VEN001,R.J. ENTERPRISE,Special Paper,RENOIR EXTRA WHITE,MOORIM,150.0,Special,White,28*40,1120,26.75,3582.589286,13375,500.0,1 Day,1.0,250.0,Yes,,,,
PP005,VEN001,R.J. ENTERPRISE,Special Paper,RENOIR EXTRA WHITE,MOORIM,150.0,Special,White,23*33,759,17.9,3537.549407,8950,500.0,1 Day,1.0,250.0,Yes,,,,
PP006,VEN001,R.J. ENTERPRISE,Special Paper,RENOIR EXTRA WHITE,MOORIM,150.0,Special,White,25*35.98,899.5,17.9,2984.991662,8950,500.0,1 Day,1.0,250.0,Yes,,,,
PP007,VEN001,R.J. ENTERPRISE,Special Paper,RENOIR EXTRA WHITE,MOORIM,170.0,Special,White,25*36,900,23.9,4514.444444,11950,500.0,1 Day,1.0,250.0,Yes,,,,
PP008,VEN001,R.J. ENTERPRISE,Special Paper,RENOIR EXTRA WHITE,MOORIM,170.0,Special,White,28*40,1120,30.2,4583.928571,15100,500.0,1 Day,1.0,250.0,Yes,,,,
PP009,VEN001,R.J. ENTERPRISE,Special Paper,RENOIR EXTRA WHITE,MOORIM,180.0,Special,White,25*36,900,25.05,5010,12525,500.0,1 Day,1.0,250.0,Yes,,,,
PP010,VEN001,R.J. ENTERPRISE,Special Paper,RENOIR EXTRA WHITE,MOORIM,180.0,Special,White,28*40,1120,31.75,5102.678571,15875,500.0,1 Day,1.0,250.0,Yes,,,,
PP011,VEN001,R.J. ENTERPRISE,Special Paper,RENOIR EXTRA WHITE,MOORIM,210.0,Special,White,25*36,900,30.0,7000,15000,500.0,1 Day,1.0,100.0,Yes,,,,
PP012,VEN001,R.J. ENTERPRISE,Special Paper,RENOIR EXTRA WHITE,MOORIM,210.0,Special,White,28*40,1120,37.95,7115.625,18975,500.0,1 Day,1.0,100.0,Yes,,,,
PP013,VEN001,R.J. ENTERPRISE,Special Paper,RENOIR EXTRA WHITE,MOORIM,230.0,Special,White,25*36,900,32.0,8177.777778,16000,500.0,1 Day,1.0,100.0,Yes,,,,
PP014,VEN001,R.J. ENTERPRISE,Special Paper,RENOIR EXTRA WHITE,MOORIM,230.0,Special,White,25*33.27,831.75,29.85,8254.283138,14925,500.0,1 Day,1.0,100.0,Yes,,,,
PP015,VEN001,R.J. ENTERPRISE,Special Paper,RENOIR EXTRA WHITE,MOORIM,230.0,Special,White,28*40,1120,41.9,8604.464286,20950,500.0,1 Day,1.0,100.0,Yes,,,,
PP016,VEN001,R.J. ENTERPRISE,Special Paper,RENOIR EXTRA WHITE,MOORIM,250.0,Special,White,25*36,900,36.0,10000,18000,500.0,1 Day,1.0,100.0,Yes,,,,
PP017,VEN001,R.J. ENTERPRISE,Special Paper,RENOIR EXTRA WHITE,MOORIM,250.0,Special,White,28*40,1120,45.55,10167.41071,22775,500.0,1 Day,1.0,100.0,Yes,,,,
PP018,VEN001,R.J. ENTERPRISE,Special Paper,RENOIR EXTRA WHITE,MOORIM,280.0,Special,White,25*36,900,40.3,12537.77778,20150,500.0,1 Day,1.0,100.0,Yes,,,,
PP019,VEN001,R.J. ENTERPRISE,Special Paper,RENOIR EXTRA WHITE,MOORIM,280.0,Special,White,28*40,1120,41.0,10250,20500,500.0,1 Day,1.0,100.0,Yes,,,,
PP020,VEN001,R.J. ENTERPRISE,Special Paper,ARTIZEN EXTRA SHITE,MOORIM,135.0,Special,White,25*36,900,18.96,2844,9480,500.0,1 Day,1.0,250.0,Yes,,,,
PP021,VEN001,R.J. ENTERPRISE,Special Paper,ARTIZEN EXTRA SHITE,MOORIM,135.0,Special,White,28*40,1120,24.0,2892.857143,12000,500.0,1 Day,1.0,250.0,Yes,,,,
PP022,VEN001,R.J. ENTERPRISE,Special Paper,ARTIZEN EXTRA SHITE,MOORIM,160.0,Special,White,25*36,900,22.45,3991.111111,11225,500.0,1 Day,1.0,250.0,Yes,,,,
PP023,VEN001,R.J. ENTERPRISE,Special Paper,ARTIZEN EXTRA SHITE,MOORIM,160.0,Special,White,28*40,1120,28.45,4064.285714,14225,500.0,1 Day,1.0,250.0,Yes,,,,
PP024,VEN001,R.J. ENTERPRISE,Special Paper,ARTIZEN EXTRA SHITE,MOORIM,190.0,Special,White,25*36,900,26.0,5488.888889,13000,500.0,1 Day,1.0,250.0,Yes,,,,
PP025,VEN001,R.J. ENTERPRISE,Special Paper,ARTIZEN EXTRA SHITE,MOORIM,190.0,Special,White,28*40,1120,32.95,5589.732143,16475,500.0,1 Day,1.0,250.0,Yes,,,,
PP026,VEN001,R.J. ENTERPRISE,Special Paper,ARTIZEN EXTRA SHITE,MOORIM,210.0,Special,White,25*36,900,28.75,6708.333333,14375,500.0,1 Day,1.0,100.0,Yes,,,,
PP027,VEN001,R.J. ENTERPRISE,Special Paper,ARTIZEN EXTRA SHITE,MOORIM,210.0,Special,White,28*40,1120,31.5,5906.25,15750,500.0,1 Day,1.0,100.0,Yes,,,,
PP028,VEN001,R.J. ENTERPRISE,Special Paper,ARTIZEN EXTRA SHITE,MOORIM,230.0,Special,White,25*36,900,39.85,10183.88889,19925,500.0,1 Day,1.0,100.0,Yes,,,,
PP029,VEN001,R.J. ENTERPRISE,Special Paper,ARTIZEN EXTRA SHITE,MOORIM,230.0,Special,White,28*40,1120,34.55,7095.089286,17275,500.0,1 Day,1.0,100.0,Yes,,,,
PP030,VEN001,R.J. ENTERPRISE,Special Paper,ARTIZEN EXTRA SHITE,MOORIM,250.0,Special,White,25*36,900,34.56,9600,17280,500.0,1 Day,1.0,100.0,Yes,,,,
PP031,VEN001,R.J. ENTERPRISE,Special Paper,ARTIZEN EXTRA SHITE,MOORIM,250.0,Special,White,28*40,1120,43.7,9754.464286,21850,500.0,1 Day,1.0,100.0,Yes,,,,
PP032,VEN001,R.J. ENTERPRISE,Special Paper,ARTIZEN EXTRA SHITE,MOORIM,310.0,Special,White,25*36,900,42.8,14742.22222,21400,500.0,1 Day,1.0,100.0,Yes,,,,
PP033,VEN001,R.J. ENTERPRISE,Special Paper,ARTIZEN EXTRA SHITE,MOORIM,310.0,Special,White,28*40,1120,54.2,15001.78571,27100,500.0,1 Day,1.0,100.0,Yes,,,,
PP034,VEN001,R.J. ENTERPRISE,Special Paper,VINCENT,MOORIM,125.0,Special,White,25*36,900,17.4,2416.666667,8700,500.0,1 Day,1.0,250.0,Yes,,,,
PP035,VEN001,R.J. ENTERPRISE,Special Paper,VINCENT,MOORIM,125.0,Special,White,28*40,1120,22.05,2460.9375,11025,500.0,1 Day,1.0,125.0,Yes,,,,
PP036,VEN001,R.J. ENTERPRISE,Special Paper,VINCENT,MOORIM,160.0,Special,White,25*36,900,22.1,3928.888889,11050,500.0,1 Day,1.0,125.0,Yes,,,,
PP037,VEN001,R.J. ENTERPRISE,Special Paper,VINCENT,MOORIM,160.0,Special,White,28*40,1120,27.95,3992.857143,13975,500.0,1 Day,1.0,125.0,Yes,,,,
PP038,VEN001,R.J. ENTERPRISE,Special Paper,VINCENT,MOORIM,220.0,Special,White,25*36,900,30.4,7431.111111,15200,500.0,1 Day,1.0,125.0,Yes,,,,
PP039,VEN001,R.J. ENTERPRISE,Special Paper,VINCENT,MOORIM,220.0,Special,White,28*40,1120,38.45,7552.678571,19225,500.0,1 Day,1.0,125.0,Yes,,,,
PP040,VEN001,R.J. ENTERPRISE,Special Paper,VINCENT,MOORIM,200.0,Special,White,25*36,900,28.3,6288.888889,14150,500.0,1 Day,1.0,125.0,Yes,,,,
PP041,VEN001,R.J. ENTERPRISE,Special Paper,VINCENT,MOORIM,200.0,Special,White,28*40,1120,35.85,6401.785714,17925,500.0,1 Day,1.0,125.0,Yes,,,,
PP042,VEN001,R.J. ENTERPRISE,Special Paper,VINCENT,MOORIM,245.0,Special,White,25*36,900,34.4,9364.444444,17200,500.0,1 Day,1.0,125.0,Yes,,,,
PP043,VEN001,R.J. ENTERPRISE,Special Paper,VINCENT,MOORIM,245.0,Special,White,28*40,1120,43.55,9526.5625,21775,500.0,1 Day,1.0,125.0,Yes,,,,
PP044,VEN001,R.J. ENTERPRISE,Special Paper,VINCENT,MOORIM,285.0,Special,White,25*36,900,40.05,12682.5,20025,500.0,1 Day,1.0,125.0,Yes,,,,
PP045,VEN001,R.J. ENTERPRISE,Special Paper,VINCENT,MOORIM,285.0,Special,White,28*40,1120,50.65,12888.61607,25325,500.0,1 Day,1.0,125.0,Yes,,,,
PP046,VEN001,R.J. ENTERPRISE,Special Paper,S-PLUS,MOORIM,100.0,Special,White,25*36,900,12.3,1366.666667,6150,500.0,1 Day,1.0,250.0,Yes,,,,
PP047,VEN001,R.J. ENTERPRISE,Special Paper,S-PLUS,MOORIM,100.0,Special,White,28*40,1120,15.6,1392.857143,7800,500.0,1 Day,1.0,250.0,Yes,,,,
PP048,VEN001,R.J. ENTERPRISE,Special Paper,S-PLUS,MOORIM,120.0,Special,White,25*36,900,14.65,1953.333333,7325,500.0,1 Day,1.0,250.0,Yes,,,,
PP049,VEN001,R.J. ENTERPRISE,Special Paper,S-PLUS,MOORIM,120.0,Special,White,28*40,1120,17.8,1907.142857,8900,500.0,1 Day,1.0,250.0,Yes,,,,
PP050,VEN002,SONAFINE CORPORATION LTD,Special Paper,N.E. WHITE,CARDINAL,120.0,Special,White,25.2*35.4,892.08,25.25,3396.556363,12625,500.0,1 Day,1.0,250.0,Yes,,,,
PP051,VEN002,SONAFINE CORPORATION LTD,Special Paper,N.E. WHITE,CARDINAL,120.0,Special,White,28.3*40.1,1134.83,32.25,3410.202409,16125,500.0,1 Day,1.0,250.0,Yes,,,,
PP052,VEN002,SONAFINE CORPORATION LTD,Special Paper,N.E. WHITE,CARDINAL,145.0,Special,White,25.2*35.4,892.08,30.5,4957.515021,15250,500.0,1 Day,1.0,250.0,Yes,,,,
PP053,VEN002,SONAFINE CORPORATION LTD,Special Paper,N.E. WHITE,CARDINAL,145.0,Special,White,28.3*40.1,1134.83,39.0,4983.125226,19500,500.0,1 Day,1.0,250.0,Yes,,,,
PP054,VEN002,SONAFINE CORPORATION LTD,Special Paper,N.E. WHITE,CARDINAL,170.0,Special,White,25.2*35.4,892.08,35.75,6812.7298,17875,500.0,1 Day,1.0,250.0,Yes,,,,
PP055,VEN002,SONAFINE CORPORATION LTD,Special Paper,N.E. WHITE,CARDINAL,170.0,Special,White,28.3*40.1,1134.83,45.75,6853.449415,22875,500.0,1 Day,1.0,250.0,Yes,,,,
PP056,VEN002,SONAFINE CORPORATION LTD,Special Paper,N.E. WHITE,CARDINAL,200.0,Special,White,25.2*35.4,892.08,41.75,9360.147072,20875,500.0,1 Day,1.0,125.0,Yes,,,,
PP057,VEN002,SONAFINE CORPORATION LTD,Special Paper,N.E. WHITE,CARDINAL,200.0,Special,White,28.3*40.1,1134.83,53.25,9384.665545,26625,500.0,1 Day,1.0,125.0,Yes,,,,
PP058,VEN002,SONAFINE CORPORATION LTD,Special Paper,N.E. WHITE,CARDINAL,240.0,Special,White,25.2*35.4,892.08,50.0,13451.70837,25000,500.0,1 Day,1.0,125.0,Yes,,,,
PP059,VEN002,SONAFINE CORPORATION LTD,Special Paper,N.E. WHITE,CARDINAL,240.0,Special,White,28.3*40.1,1134.83,63.75,13482.19557,31875,500.0,1 Day,1.0,125.0,Yes,,,,
PP060,VEN002,SONAFINE CORPORATION LTD,Special Paper,N.E. WHITE,CARDINAL,280.0,Special,White,25.2*35.4,892.08,58.25,18283.11362,29125,500.0,1 Day,1.0,125.0,Yes,,,,
PP061,VEN002,SONAFINE CORPORATION LTD,Special Paper,N.E. WHITE,CARDINAL,280.0,Special,White,28.3*40.1,1134.83,74.25,18319.92457,37125,500.0,1 Day,1.0,125.0,Yes,,,,
PP062,VEN002,SONAFINE CORPORATION LTD,Special Paper,N.E. IVORY,CARDINAL,120.0,Special,White,25.2*35.4,892.08,25.25,3396.556363,12625,500.0,1 Day,1.0,250.0,Yes,,,,
PP063,VEN002,SONAFINE CORPORATION LTD,Special Paper,N.E. IVORY,CARDINAL,120.0,Special,White,28.3*40.1,1134.83,32.25,3410.202409,16125,500.0,1 Day,1.0,250.0,Yes,,,,
PP064,VEN002,SONAFINE CORPORATION LTD,Special Paper,N.E. IVORY,CARDINAL,145.0,Special,White,25.2*35.4,892.08,30.5,4957.515021,15250,500.0,1 Day,1.0,250.0,Yes,,,,
PP065,VEN002,SONAFINE CORPORATION LTD,Special Paper,N.E. IVORY,CARDINAL,145.0,Special,White,28.3*40.1,1134.83,39.0,4983.125226,19500,500.0,1 Day,1.0,250.0,Yes,,,,
PP066,VEN002,SONAFINE CORPORATION LTD,Special Paper,N.E. IVORY,CARDINAL,200.0,Special,White,25.2*35.4,892.08,41.75,9360.147072,20875,500.0,1 Day,1.0,125.0,Yes,,,,
PP067,VEN002,SONAFINE CORPORATION LTD,Special Paper,N.E. IVORY,CARDINAL,200.0,Special,White,28.3*40.1,1134.83,53.25,9384.665545,26625,500.0,1 Day,1.0,125.0,Yes,,,,
PP068,VEN002,SONAFINE CORPORATION LTD,Special Paper,N.E. IVORY,CARDINAL,280.0,Special,White,25.2*35.4,892.08,58.25,18283.11362,29125,500.0,1 Day,1.0,125.0,Yes,,,,
PP069,VEN002,SONAFINE CORPORATION LTD,Special Paper,N.E. IVORY,CARDINAL,280.0,Special,White,28.3*40.1,1134.83,74.25,18319.92457,37125,500.0,1 Day,1.0,125.0,Yes,,,,
PP070,VEN002,SONAFINE CORPORATION LTD,Special Paper,MONTBLANC INSPER EXTRA WHITE,HANSOL,100.0,Special,White,25*36,900,18.5,2055.555556,9250,500.0,1 Day,1.0,250.0,Yes,,,,
PP071,VEN002,SONAFINE CORPORATION LTD,Special Paper,MONTBLANC INSPER EXTRA WHITE,HANSOL,100.0,Special,White,27.6*39.4,1087.44,22.0,2023.100125,11000,500.0,1 Day,1.0,250.0,Yes,,,,
PP072,VEN002,SONAFINE CORPORATION LTD,Special Paper,MONTBLANC INSPER EXTRA WHITE,HANSOL,100.0,Special,White,28.3*40.1,1134.83,23.0,2026.735282,11500,500.0,1 Day,1.0,250.0,Yes,,,,
PP073,VEN002,SONAFINE CORPORATION LTD,Special Paper,MONTBLANC INSPER EXTRA WHITE,HANSOL,130.0,Special,White,25*36,900,22.75,3286.111111,11375,500.0,1 Day,1.0,250.0,Yes,,,,
PP074,VEN002,SONAFINE CORPORATION LTD,Special Paper,MONTBLANC INSPER EXTRA WHITE,HANSOL,130.0,Special,White,27.6*39.4,1087.44,27.25,3257.650997,13625,500.0,1 Day,1.0,250.0,Yes,,,,
PP075,VEN002,SONAFINE CORPORATION LTD,Special Paper,MONTBLANC INSPER EXTRA WHITE,HANSOL,130.0,Special,White,28.3*40.1,1134.83,28.75,3293.444833,14375,500.0,1 Day,1.0,250.0,Yes,,,,
PP076,VEN002,SONAFINE CORPORATION LTD,Special Paper,MONTBLANC INSPER EXTRA WHITE,HANSOL,160.0,Special,White,25*36,900,28.0,4977.777778,14000,500.0,1 Day,1.0,250.0,Yes,,,,
PP077,VEN002,SONAFINE CORPORATION LTD,Special Paper,MONTBLANC INSPER EXTRA WHITE,HANSOL,160.0,Special,White,27.6*39.4,1087.44,33.75,4965.791216,16875,500.0,1 Day,1.0,250.0,Yes,,,,
PP078,VEN002,SONAFINE CORPORATION LTD,Special Paper,MONTBLANC INSPER EXTRA WHITE,HANSOL,160.0,Special,White,28.3*40.1,1134.83,35.25,4969.907387,17625,500.0,1 Day,1.0,250.0,Yes,,,,
PP079,VEN002,SONAFINE CORPORATION LTD,Special Paper,MONTBLANC INSPER EXTRA WHITE,HANSOL,190.0,Special,White,25*36,900,33.25,7019.444444,16625,500.0,1 Day,1.0,250.0,Yes,,,,
PP080,VEN002,SONAFINE CORPORATION LTD,Special Paper,MONTBLANC INSPER EXTRA WHITE,HANSOL,190.0,Special,White,27.6*39.4,1087.44,40.0,6988.891341,20000,500.0,1 Day,1.0,250.0,Yes,,,,
PP081,VEN002,SONAFINE CORPORATION LTD,Special Paper,MONTBLANC INSPER EXTRA WHITE,HANSOL,190.0,Special,White,28.3*40.1,1134.83,42.0,7031.890239,21000,500.0,1 Day,1.0,250.0,Yes,,,,
PP082,VEN002,SONAFINE CORPORATION LTD,Special Paper,MONTBLANC INSPER EXTRA WHITE,HANSOL,240.0,Special,White,25*36,900,42.0,11200,21000,500.0,1 Day,1.0,100.0,Yes,,,,
PP083,VEN002,SONAFINE CORPORATION LTD,Special Paper,MONTBLANC INSPER EXTRA WHITE,HANSOL,240.0,Special,White,27.6*39.4,1087.44,50.25,11090.26705,25125,500.0,1 Day,1.0,100.0,Yes,,,,
PP084,VEN002,SONAFINE CORPORATION LTD,Special Paper,MONTBLANC INSPER EXTRA WHITE,HANSOL,240.0,Special,White,28.3*40.1,1134.83,52.75,11155.85594,26375,500.0,1 Day,1.0,100.0,Yes,,,,
PP085,VEN002,SONAFINE CORPORATION LTD,Special Paper,MONTBLANC INSPER EXTRA WHITE,HANSOL,270.0,Special,White,25*36,900,47.25,14175,23625,500.0,1 Day,1.0,100.0,Yes,,,,
PP086,VEN002,SONAFINE CORPORATION LTD,Special Paper,MONTBLANC INSPER EXTRA WHITE,HANSOL,270.0,Special,White,27.6*39.4,1087.44,56.75,14090.43258,28375,500.0,1 Day,1.0,100.0,Yes,,,,
PP087,VEN002,SONAFINE CORPORATION LTD,Special Paper,MONTBLANC INSPER EXTRA WHITE,HANSOL,270.0,Special,White,28.3*40.1,1134.83,59.5,14156.30535,29750,500.0,1 Day,1.0,100.0,Yes,,,,
PP088,VEN002,SONAFINE CORPORATION LTD,Special Paper,MYINSIZE DALI CANDIDO,CARDINAL,120.0,Special,White,28.3*39.8,1126.34,38.0,4048.511107,19000,500.0,1 Day,1.0,250.0,Yes,,,,
PP089,VEN002,SONAFINE CORPORATION LTD,Special Paper,MYINSIZE DALI CANDIDO,CARDINAL,160.0,Special,White,25.2*35.4,892.08,40.0,7174.244462,20000,500.0,1 Day,1.0,250.0,Yes,,,,
PP090,VEN002,SONAFINE CORPORATION LTD,Special Paper,MYINSIZE DALI CANDIDO,CARDINAL,160.0,Special,White,28.3*39.8,1126.34,50.5,7173.677575,25250,500.0,1 Day,1.0,250.0,Yes,,,,
PP091,VEN002,SONAFINE CORPORATION LTD,Special Paper,MYINSIZE DALI CANDIDO,CARDINAL,200.0,Special,White,28.3*39.8,1126.34,61.5,10920.32601,30750,500.0,1 Day,1.0,125.0,Yes,,,,
PP092,VEN002,SONAFINE CORPORATION LTD,Special Paper,MYINSIZE DALI CANDIDO,CARDINAL,240.0,Special,White,25.2*35.4,892.08,58.25,15671.24025,29125,500.0,1 Day,1.0,125.0,Yes,,,,
PP093,VEN002,SONAFINE CORPORATION LTD,Special Paper,MYINSIZE DALI CANDIDO,CARDINAL,240.0,Special,White,28.3*39.8,1126.34,73.5,15661.3456,36750,500.0,1 Day,1.0,125.0,Yes,,,,
PP094,VEN002,SONAFINE CORPORATION LTD,Special Paper,MYINSIZE DALI CANDIDO,CARDINAL,300.0,Special,White,25.2*39.4,992.88,72.75,21981.50834,36375,500.0,1 Day,1.0,125.0,Yes,,,,
PP095,VEN002,SONAFINE CORPORATION LTD,Special Paper,MYINSIZE DALI CANDIDO,CARDINAL,300.0,Special,White,28.3*39.8,1126.34,92.0,24504.14617,46000,500.0,1 Day,1.0,125.0,Yes,,,,
PP096,VEN002,SONAFINE CORPORATION LTD,Special Paper,MYINSIZE MODIGLIANI CANDIDO,CARDINAL,120.0,Special,White,28.3*39.8,1126.34,38.0,4048.511107,19000,500.0,1 Day,1.0,125.0,Yes,,,,
PP097,VEN002,SONAFINE CORPORATION LTD,Special Paper,MYINSIZE MODIGLIANI CANDIDO,CARDINAL,160.0,Special,White,25.2*35.4,892.08,40.0,7174.244462,20000,500.0,1 Day,1.0,125.0,Yes,,,,
PP098,VEN002,SONAFINE CORPORATION LTD,Special Paper,MYINSIZE MODIGLIANI CANDIDO,CARDINAL,160.0,Special,White,28.3*39.8,1126.34,50.5,7173.677575,25250,500.0,1 Day,1.0,125.0,Yes,,,,
PP099,VEN002,SONAFINE CORPORATION LTD,Special Paper,MYINSIZE MODIGLIANI CANDIDO,CARDINAL,200.0,Special,White,28.3*39.8,1126.34,61.5,10920.32601,30750,500.0,1 Day,1.0,125.0,Yes,,,,
PP100,VEN002,SONAFINE CORPORATION LTD,Special Paper,MYINSIZE MODIGLIANI CANDIDO,CARDINAL,260.0,Special,White,25.2*35.4,892.08,63.25,18434.44534,31625,500.0,1 Day,1.0,125.0,Yes,,,,
PP101,VEN002,SONAFINE CORPORATION LTD,Special Paper,MYINSIZE MODIGLIANI CANDIDO,CARDINAL,260.0,Special,White,28.3*39.8,1126.34,79.75,18409.18373,39875,500.0,1 Day,1.0,125.0,Yes,,,,
PP102,VEN002,SONAFINE CORPORATION LTD,Special Paper,MYINSIZE MODIGLIANI CANDIDO,CARDINAL,300.0,Special,White,25.2*35.4,892.08,72.75,24465.29459,36375,500.0,1 Day,1.0,125.0,Yes,,,,
PP103,VEN002,SONAFINE CORPORATION LTD,Special Paper,MYINSIZE MODIGLIANI CANDIDO,CARDINAL,300.0,Special,White,28.3*39.8,1126.34,92.0,24504.14617,46000,500.0,1 Day,1.0,125.0,Yes,,,,
PP104,VEN002,SONAFINE CORPORATION LTD,Special Paper,MYARTELIBRIS BLU,CARDINAL,120.0,Special,White,28.3*40.1,1134.83,51.0,5392.878228,25500,500.0,1 Day,1.0,250.0,Yes,,,,
PP105,VEN002,SONAFINE CORPORATION LTD,Special Paper,MYARTELIBRIS FUMO,CARDINAL,120.0,Special,White,28.3*40.1,1134.83,51.0,5392.878228,25500,500.0,1 Day,1.0,250.0,Yes,,,,
PP106,VEN002,SONAFINE CORPORATION LTD,Special Paper,MYARTELIBRIS  BLU NAVY,CARDINAL,120.0,Special,White,28.3*40.1,1134.83,54.0,5710.10636,27000,500.0,1 Day,1.0,250.0,Yes,,,,
PP107,VEN002,SONAFINE CORPORATION LTD,Special Paper,MY ARTELIBRIS ROSSO,CARDINAL,120.0,Special,White,28.3*40.1,1134.83,51.0,5392.878228,25500,500.0,1 Day,1.0,250.0,Yes,,,,
PP108,VEN002,SONAFINE CORPORATION LTD,Special Paper,MY ARTELIBRIS CAFFE,CARDINAL,120.0,Special,White,28.3*40.1,1134.83,54.0,5710.10636,27000,500.0,1 Day,1.0,250.0,Yes,,,,
PP109,VEN002,SONAFINE CORPORATION LTD,Special Paper,MY ARTELIBRIS GRIGIO,CARDINAL,120.0,Special,White,28.3*40.1,1134.83,51.0,5392.878228,25500,500.0,1 Day,1.0,250.0,Yes,,,,
PP110,VEN002,SONAFINE CORPORATION LTD,Special Paper,MY ARTELIBRIS BIANCO,CARDINAL,120.0,Special,White,28.3*40.1,1134.83,43.0,4546.936546,21500,500.0,1 Day,1.0,250.0,Yes,,,,
PP111,VEN002,SONAFINE CORPORATION LTD,Special Paper,MY ARTELIBRIS AVORIO,CARDINAL,120.0,Special,White,28.3*40.1,1134.83,43.0,4546.936546,21500,500.0,1 Day,1.0,250.0,Yes,,,,
PP112,VEN002,SONAFINE CORPORATION LTD,Special Paper,MY ARTELIBRIS KAKI,CARDINAL,120.0,Special,White,28.3*40.1,1134.83,51.0,5392.878228,25500,500.0,1 Day,1.0,250.0,Yes,,,,
PP113,VEN002,SONAFINE CORPORATION LTD,Special Paper,BUSAN BLUE,CARDINAL,250.0,Special,BLUE,25*35.8,895,41.0,11452.51397,20500,500.0,1 Day,1.0,250.0,Yes,,,,
PP114,VEN002,SONAFINE CORPORATION LTD,Special Paper,BOMBAY BLUE,CARDINAL,120.0,Special,BLUE,25*35.8,895,21.0,2815.642458,10500,500.0,1 Day,1.0,250.0,Yes,,,,
PP115,VEN002,SONAFINE CORPORATION LTD,Special Paper,BOMBAY BLUE,CARDINAL,250.0,Special,BLUE,25*35.8,895,43.5,12150.83799,21750,500.0,1 Day,1.0,250.0,Yes,,,,
PP116,VEN002,SONAFINE CORPORATION LTD,Special Paper,BOCHAM BLUE,CARDINAL,120.0,Special,BLUE,25*35.8,895,21.0,2815.642458,10500,500.0,1 Day,1.0,250.0,Yes,,,,
PP117,VEN002,SONAFINE CORPORATION LTD,Special Paper,BOCHAM BLUE,CARDINAL,120.0,Special,BLUE,31*43,1333,31.0,2790.697674,15500,500.0,1 Day,1.0,250.0,Yes,,,,
PP118,VEN002,SONAFINE CORPORATION LTD,Special Paper,BOCHAM BLUE,CARDINAL,250.0,Special,BLUE,25*35.8,895,43.5,12150.83799,21750,500.0,1 Day,1.0,250.0,Yes,,,,
PP119,VEN002,SONAFINE CORPORATION LTD,Special Paper,XTELLA BRILLIANT WHITE,CARDINAL,105.0,Special,White,25*36,900,12.75,1487.5,6375,500.0,1 Day,1.0,250.0,Yes,,,,
PP120,VEN002,SONAFINE CORPORATION LTD,Special Paper,XTELLA BRILLIANT WHITE,CARDINAL,105.0,Special,White,28.3*40.1,1134.83,16.0,1480.397945,8000,500.0,1 Day,1.0,250.0,Yes,,,,
PP121,VEN002,SONAFINE CORPORATION LTD,Special Paper,XTELLA BRILLIANT WHITE,CARDINAL,128.0,Special,White,25*36,900,14.5,2062.222222,7250,500.0,1 Day,1.0,250.0,Yes,,,,
PP122,VEN002,SONAFINE CORPORATION LTD,Special Paper,XTELLA BRILLIANT WHITE,CARDINAL,128.0,Special,White,28.3*40.1,1134.83,18.25,2058.458095,9125,500.0,1 Day,1.0,250.0,Yes,,,,
PP123,VEN002,SONAFINE CORPORATION LTD,Special Paper,XTELLA BRILLIANT WHITE,CARDINAL,157.0,Special,White,25*36,900,17.75,3096.388889,8875,500.0,1 Day,1.0,250.0,Yes,,,,
PP124,VEN002,SONAFINE CORPORATION LTD,Special Paper,XTELLA BRILLIANT WHITE,CARDINAL,157.0,Special,White,28.3*40.1,1134.83,22.5,3112.801036,11250,500.0,1 Day,1.0,250.0,Yes,,,,
PP125,VEN002,SONAFINE CORPORATION LTD,Special Paper,XTELLA BRILLIANT WHITE,CARDINAL,186.0,Special,White,25*36,900,21.0,4340,10500,500.0,1 Day,1.0,250.0,Yes,,,,
PP126,VEN002,SONAFINE CORPORATION LTD,Special Paper,XTELLA BRILLIANT WHITE,CARDINAL,186.0,Special,White,28.3*40.1,1134.83,26.5,4343.381828,13250,500.0,1 Day,1.0,250.0,Yes,,,,
PP127,VEN002,SONAFINE CORPORATION LTD,Special Paper,XTELLA BRILLIANT WHITE,CARDINAL,256.0,Special,White,25*36,900,28.75,8177.777778,14375,500.0,1 Day,1.0,250.0,Yes,,,,
PP128,VEN002,SONAFINE CORPORATION LTD,Special Paper,XTELLA BRILLIANT WHITE,CARDINAL,256.0,Special,White,28.3*40.1,1134.83,36.25,8177.436268,18125,500.0,1 Day,1.0,250.0,Yes,,,,
PP129,VEN002,SONAFINE CORPORATION LTD,Special Paper,XTELLA BRILLIANT WHITE,CARDINAL,300.0,Special,White,25*36,900,33.75,11250,16875,500.0,1 Day,1.0,250.0,Yes,,,,
PP130,VEN002,SONAFINE CORPORATION LTD,Special Paper,XTELLA BRILLIANT WHITE,CARDINAL,300.0,Special,White,28.3*40.1,1134.83,42.5,11235.16298,21250,500.0,1 Day,1.0,250.0,Yes,,,,
PP131,VEN002,SONAFINE CORPORATION LTD,Special Paper,MYLEATHERLIKE CLASSIC BLACK,CARDINAL,120.0,Special,White,28.3*40.1,1134.83,142.0,15015.46487,71000,500.0,1 Day,1.0,250.0,Yes,,,,
PP132,VEN002,SONAFINE CORPORATION LTD,Special Paper,MYLEATHERLIKE CLASSIC BLACK,CARDINAL,230.0,Special,White,28.3*40.1,1134.83,243.5,49351.00412,121750,500.0,1 Day,1.0,125.0,Yes,,,,
PP133,VEN002,SONAFINE CORPORATION LTD,Special Paper,MYLEATHERLIKE CLASSIC BLACK,CARDINAL,360.0,Special,White,28.3*40.1,1134.83,380.0,120546.6898,190000,500.0,1 Day,1.0,125.0,Yes,,,,
PP134,VEN002,SONAFINE CORPORATION LTD,Special Paper,BEIRUT BLACK,CARDINAL,90.0,Special,Black,25*35.8,895,15.0,1508.379888,45000,500.0,1 Day,1.0,250.0,Yes,,,,
PP135,VEN002,SONAFINE CORPORATION LTD,Special Paper,BEIRUT BLACK,CARDINAL,90.0,Special,Black,31*43,1333,22.5,1519.129782,11250,500.0,1 Day,1.0,250.0,Yes,,,,
PP136,VEN002,SONAFINE CORPORATION LTD,Special Paper,BEIRUT BLACK,CARDINAL,120.0,Special,Black,25*35.8,895,19.5,2614.52514,9750,500.0,1 Day,1.0,250.0,Yes,,,,
PP137,VEN002,SONAFINE CORPORATION LTD,Special Paper,BEIRUT BLACK,CARDINAL,180.0,Special,Black,25*35.8,895,28.75,5782.122905,14375,500.0,1 Day,1.0,125.0,Yes,,,,
PP138,VEN002,SONAFINE CORPORATION LTD,Special Paper,BEIRUT BLACK,CARDINAL,250.0,Special,Black,25*35.8,895,40.5,11312.84916,20250,500.0,1 Day,1.0,125.0,Yes,,,,
PP139,VEN002,SONAFINE CORPORATION LTD,Special Paper,BEIRUT BLACK,CARDINAL,300.0,Special,Black,25*35.8,895,48.5,16256.98324,24250,500.0,1 Day,1.0,125.0,Yes,,,,
PP140,VEN002,SONAFINE CORPORATION LTD,Special Paper,MY NOTTURNO BLACK,CARDINAL,250.0,Special,Black,27.6*39.4,1087.44,88.0,20231.00125,44000,500.0,1 Day,1.0,125.0,Yes,,,,
PP141,VEN002,SONAFINE CORPORATION LTD,Special Paper,MY NOTTURNO BLACK,CARDINAL,300.0,Special,Black,27.6*39.4,1087.44,104.0,28691.23814,52000,500.0,1 Day,1.0,125.0,Yes,,,,
PP142,VEN002,SONAFINE CORPORATION LTD,Special Paper,MY NOTTURNO BLACK,CARDINAL,390.0,Special,Black,27.6*39.4,1087.44,138.0,49492.38579,69000,500.0,1 Day,1.0,125.0,Yes,,,,
PP143,VEN002,SONAFINE CORPORATION LTD,Special Paper,MY NOTTURNO BLACK,CARDINAL,450.0,Special,Black,27.6*39.4,1087.44,157.0,64969.10174,78500,500.0,1 Day,1.0,125.0,Yes,,,,
PP144,VEN002,SONAFINE CORPORATION LTD,Special Paper,MY NOTTURNO BLACK,CARDINAL,700.0,Special,Black,27.6*39.4,1087.44,327.0,210494.3721,163500,500.0,1 Day,1.0,125.0,Yes,,,,
PP145,VEN002,SONAFINE CORPORATION LTD,Special Paper,PLIKE BLACK,CARDINAL,140.0,Special,Black,28.3*40.1,1134.83,95.0,11719.81707,47500,500.0,1 Day,1.0,125.0,Yes,,,,
PP146,VEN003,Krishna Vanijya Pvt. Ltd.,Coated Paper (C2S),ART PAPER,HI KOTE,80.0,Paper,White,20*30,600,4.032,84.0,2016,500.0,1 Day,1.0,500.0,Yes,,,,
PP147,VEN003,Krishna Vanijya Pvt. Ltd.,Coated Paper (C2S),ART PAPER,HI KOTE,80.0,Paper,White,23*36,828,5.56416,84.0,2782.08,500.0,1 Day,1.0,500.0,Yes,,,,
PP148,VEN003,Krishna Vanijya Pvt. Ltd.,Coated Paper (C2S),ART PAPER,HI KOTE,80.0,Paper,White,25*36,900,6.048,84.0,3024,500.0,1 Day,1.0,500.0,Yes,,,,
PP149,VEN003,Krishna Vanijya Pvt. Ltd.,Coated Paper (C2S),ART PAPER,HI KOTE,90.0,Paper,White,20*30,600,4.428,82.0,2214,500.0,1 Day,1.0,500.0,Yes,,,,
PP150,VEN003,Krishna Vanijya Pvt. Ltd.,Coated Paper (C2S),ART PAPER,HI KOTE,90.0,Paper,White,23*36,828,6.11064,82.0,1527.66,250.0,1 Day,1.0,500.0,Yes,,,,
PP151,VEN003,Krishna Vanijya Pvt. Ltd.,Coated Paper (C2S),ART PAPER,HI KOTE,90.0,Paper,White,25*36,900,6.642,82.0,3321,500.0,1 Day,1.0,250.0,Yes,,,,
PP152,VEN003,Krishna Vanijya Pvt. Ltd.,Coated Paper (C2S),ART PAPER,NAINI,90.0,Paper,White,25*36,900,6.48,80.0,3240,500.0,1 Day,1.0,500.0,Yes,,,,
PP153,VEN003,Krishna Vanijya Pvt. Ltd.,Coated Paper (C2S),ART PAPER,HI KOTE,100.0,Paper,White,20*30,600,4.92,82.0,2460,500.0,1 Day,1.0,250.0,Yes,,,,
PP154,VEN003,Krishna Vanijya Pvt. Ltd.,Coated Paper (C2S),ART PAPER,HI KOTE,100.0,Paper,White,23*36,828,6.7896,82.0,3394.8,500.0,1 Day,1.0,250.0,Yes,,,,
PP155,VEN003,Krishna Vanijya Pvt. Ltd.,Coated Paper (C2S),ART PAPER,HI KOTE,100.0,Paper,White,22*32,704,5.7728,82.0,2886.4,500.0,1 Day,1.0,250.0,Yes,,,,
PP156,VEN003,Krishna Vanijya Pvt. Ltd.,Coated Paper (C2S),ART PAPER,HI KOTE,120.0,Paper,White,25*36,900,8.856,82.0,4428,500.0,1 Day,1.0,250.0,Yes,,,,
PP157,VEN003,Krishna Vanijya Pvt. Ltd.,Coated Paper (C2S),ART PAPER,HI KOTE,120.0,Paper,White,23*36,828,8.14752,82.0,4073.76,500.0,1 Day,1.0,250.0,Yes,,,,
PP158,VEN003,Krishna Vanijya Pvt. Ltd.,Coated Paper (C2S),ART PAPER,HI KOTE,120.0,Paper,White,20*30,600,5.904,82.0,2952,500.0,1 Day,1.0,250.0,Yes,,,,
PP159,VEN003,Krishna Vanijya Pvt. Ltd.,Coated Paper (C2S),ART PAPER,HI KOTE,130.0,Paper,White,20*30,600,6.396,82.0,3198,500.0,1 Day,1.0,250.0,Yes,,,,
PP160,VEN003,Krishna Vanijya Pvt. Ltd.,Coated Paper (C2S),ART PAPER,HI KOTE,130.0,Paper,White,23*36,828,8.82648,82.0,4413.24,500.0,1 Day,1.0,250.0,Yes,,,,
PP161,VEN003,Krishna Vanijya Pvt. Ltd.,Coated Paper (C2S),ART PAPER,HI KOTE,130.0,Paper,White,25*36,900,9.594,82.0,4797,500.0,1 Day,1.0,250.0,Yes,,,,
PP162,VEN003,Krishna Vanijya Pvt. Ltd.,Coated Paper (C2S),ART PAPER,HI KOTE,130.0,Paper,White,22*32,704,7.50464,82.0,3752.32,500.0,1 Day,1.0,250.0,Yes,,,,
PP163,VEN003,Krishna Vanijya Pvt. Ltd.,Coated Paper (C2S),ART PAPER(MATT),HI KOTE,130.0,Paper,White,25*36,900,9.594,82.0,4797,500.0,1 Day,1.0,250.0,Yes,,,,
PP164,VEN003,Krishna Vanijya Pvt. Ltd.,Coated Paper (C2S),ART PAPER(MATT),HI KOTE,130.0,Paper,White,23*36,828,8.82648,82.0,4413.24,500.0,1 Day,1.0,250.0,Yes,,,,
PP165,VEN003,Krishna Vanijya Pvt. Ltd.,Coated Paper (C2S),ART PAPER,HI KOTE,157.0,Paper,White,20*30,600,7.7244,82.0,3862.2,500.0,1 Day,1.0,250.0,Yes,,,,
PP166,VEN003,Krishna Vanijya Pvt. Ltd.,Coated Paper (C2S),ART PAPER,HI KOTE,157.0,Paper,White,23*36,828,10.659672,82.0,5329.836,500.0,1 Day,1.0,250.0,Yes,,,,
PP167,VEN003,Krishna Vanijya Pvt. Ltd.,Coated Paper (C2S),ART PAPER,HI KOTE,157.0,Paper,White,25*36,900,11.5866,82.0,5793.3,500.0,1 Day,1.0,250.0,Yes,,,,
PP168,VEN003,Krishna Vanijya Pvt. Ltd.,Coated Paper (C2S),ART PAPER,HI KOTE,170.0,Paper,White,25*36,900,12.087,79.0,6043.5,500.0,1 Day,1.0,250.0,Yes,,,,
PP169,VEN003,Krishna Vanijya Pvt. Ltd.,Coated Paper (C2S),ART PAPER,HI KOTE,170.0,Paper,White,23*36,828,11.12004,79.0,5560.02,500.0,1 Day,1.0,250.0,Yes,,,,
PP170,VEN003,Krishna Vanijya Pvt. Ltd.,Coated Paper (C2S),ART PAPER,HI KOTE,170.0,Paper,White,20*30,600,8.058,79.0,4029,500.0,1 Day,1.0,250.0,Yes,,,,
PP171,VEN003,Krishna Vanijya Pvt. Ltd.,Coated Paper (C2S),ART PAPER(MATT),HI KOTE,170.0,Paper,White,20*30,600,8.058,79.0,4029,500.0,1 Day,1.0,250.0,Yes,,,,
PP172,VEN003,Krishna Vanijya Pvt. Ltd.,Coated Paper (C2S),ART PAPER(MATT),HI KOTE,170.0,Paper,White,25*36,900,12.087,79.0,6043.5,500.0,1 Day,1.0,250.0,Yes,,,,
PP173,VEN003,Krishna Vanijya Pvt. Ltd.,Coated Paper (C2S),ART BOARD,HI KOTE,200.0,Paper,White,20*30,600,9.48,79.0,4740,500.0,1 Day,1.0,,Yes,,,,
PP174,VEN003,Krishna Vanijya Pvt. Ltd.,Coated Paper (C2S),ART BOARD,HI KOTE,200.0,Paper,White,23*36,828,13.0824,79.0,6541.2,500.0,1 Day,1.0,,Yes,,,,
PP175,VEN003,Krishna Vanijya Pvt. Ltd.,Coated Paper (C2S),ART BOARD,HI KOTE,200.0,Paper,White,25*36,900,14.22,79.0,7110,500.0,1 Day,1.0,,Yes,,,,
PP176,VEN003,Krishna Vanijya Pvt. Ltd.,Coated Paper (C2S),ART BOARD(MATT),HI KOTE,210.0,Paper,White,22*28,616,10.21944,79.0,5109.72,500.0,1 Day,1.0,,Yes,,,,
PP177,VEN003,Krishna Vanijya Pvt. Ltd.,Coated Paper (C2S),ART BOARD(MATT),HI KOTE,210.0,Paper,White,25*36,900,14.931,79.0,7465.5,500.0,1 Day,1.0,,Yes,,,,
PP178,VEN003,Krishna Vanijya Pvt. Ltd.,Coated Paper (C2S),ART BOARD,HI KOTE,210.0,Paper,White,20*30,600,9.954,79.0,4977,500.0,1 Day,1.0,250.0,Yes,,,,
PP179,VEN003,Krishna Vanijya Pvt. Ltd.,Coated Paper (C2S),ART BOARD,HI KOTE,210.0,Paper,White,22*28,616,10.21944,79.0,5109.72,500.0,1 Day,1.0,250.0,Yes,,,,
PP180,VEN003,Krishna Vanijya Pvt. Ltd.,Coated Paper (C2S),ART BOARD,HI KOTE,210.0,Paper,White,23*36,828,13.73652,79.0,6868.26,500.0,1 Day,1.0,250.0,Yes,,,,
PP181,VEN003,Krishna Vanijya Pvt. Ltd.,Coated Paper (C2S),ART BOARD,HI KOTE,210.0,Paper,White,25*36,900,14.931,79.0,7465.5,500.0,1 Day,1.0,250.0,Yes,,,,
PP182,VEN003,Krishna Vanijya Pvt. Ltd.,Coated Paper (C2S),ART BOARD,HI KOTE,250.0,Paper,White,25*36,900,17.775,79.0,8887.5,500.0,1 Day,1.0,125.0,Yes,,,,
PP183,VEN003,Krishna Vanijya Pvt. Ltd.,Coated Paper (C2S),ART BOARD,HI KOTE,250.0,Paper,White,23*36,828,16.353,79.0,8176.5,500.0,1 Day,1.0,125.0,Yes,,,,
PP184,VEN003,Krishna Vanijya Pvt. Ltd.,Coated Paper (C2S),ART BOARD,HI KOTE,250.0,Paper,White,20*30,600,11.85,79.0,5925,500.0,1 Day,1.0,125.0,Yes,,,,
PP185,VEN003,Krishna Vanijya Pvt. Ltd.,Coated Paper (C2S),ART BOARD,HI KOTE,250.0,Paper,White,22*28,616,12.166,79.0,6083,500.0,1 Day,1.0,125.0,Yes,,,,
PP186,VEN003,Krishna Vanijya Pvt. Ltd.,Coated Paper (C2S),ART BOARD,HI KOTE,300.0,Paper,White,25*36,900,21.33,79.0,10665,500.0,1 Day,1.0,125.0,Yes,,,,
PP187,VEN003,Krishna Vanijya Pvt. Ltd.,Coated Paper (C2S),ART BOARD,HI KOTE,300.0,Paper,White,23*36,828,19.6236,79.0,9811.8,500.0,1 Day,1.0,125.0,Yes,,,,
PP188,VEN003,Krishna Vanijya Pvt. Ltd.,Coated Paper (C2S),ART BOARD,HI KOTE,300.0,Paper,White,20*30,600,14.22,79.0,7110,500.0,1 Day,1.0,125.0,Yes,,,,
PP189,VEN003,Krishna Vanijya Pvt. Ltd.,Coated Paper (C2S),ART BOARD,LUXE,250.0,Paper,White,25*36,900,18.675,83.0,9337.5,500.0,1 Day,1.0,125.0,Yes,,,,
PP190,VEN003,Krishna Vanijya Pvt. Ltd.,Coated Paper (C2S),ART BOARD,LUXE,250.0,Paper,White,23*36,828,17.181,83.0,8590.5,500.0,1 Day,1.0,125.0,Yes,,,,
PP191,VEN003,Krishna Vanijya Pvt. Ltd.,Coated Paper (C2S),ART BOARD,LUXE,250.0,Paper,White,22*28,616,12.782,83.0,6391,500.0,1 Day,1.0,125.0,Yes,,,,
PP192,VEN003,Krishna Vanijya Pvt. Ltd.,Coated Paper (C2S),ART BOARD,LUXE,300.0,Paper,White,25*36,900,22.41,83.0,11205,500.0,1 Day,1.0,125.0,Yes,,,,
PP193,VEN003,Krishna Vanijya Pvt. Ltd.,Coated Paper (C2S),ART BOARD,LUXE,300.0,Paper,White,23*36,828,20.6172,83.0,10308.6,500.0,1 Day,1.0,125.0,Yes,,,,
PP194,VEN003,Krishna Vanijya Pvt. Ltd.,Coated Paper (C2S),ART BOARD,LUXE,300.0,Paper,White,22*28,616,15.3384,83.0,7669.2,500.0,1 Day,1.0,125.0,Yes,,,,
PP195,VEN003,Krishna Vanijya Pvt. Ltd.,Coated Paper (C2S),ART BOARD,LUXE,350.0,Paper,White,25*36,900,26.145,83.0,13072.5,500.0,1 Day,1.0,100.0,Yes,,,,
PP196,VEN003,Krishna Vanijya Pvt. Ltd.,Coated Paper (C2S),ART BOARD,LUXE,350.0,Paper,White,23*36,828,24.0534,83.0,12026.7,500.0,1 Day,1.0,100.0,Yes,,,,
PP197,VEN003,Krishna Vanijya Pvt. Ltd.,Coated Paper (C2S),ART BOARD,LUXE,350.0,Paper,White,22*28,616,17.8948,83.0,8947.4,500.0,1 Day,1.0,100.0,Yes,,,,
PP198,VEN003,Krishna Vanijya Pvt. Ltd.,FBB —(CS1),CYBER XL,ITC,250.0,Paper,White,22*28,616,11.858,77.0,5929,500.0,1 Day,1.0,100.0,Yes,,,,
PP199,VEN003,Krishna Vanijya Pvt. Ltd.,FBB —(CS1),CYBER XL,ITC,250.0,Paper,White,23*36,828,15.939,77.0,7969.5,500.0,1 Day,1.0,100.0,Yes,,,,
PP200,VEN003,Krishna Vanijya Pvt. Ltd.,FBB —(CS1),CYBER XL,ITC,250.0,Paper,White,25*38,950,18.2875,77.0,9143.75,500.0,1 Day,1.0,100.0,Yes,,,,
PP201,VEN003,Krishna Vanijya Pvt. Ltd.,FBB —(CS1),CYBER XL,ITC,250.0,Paper,White,31.5*41.5,1307.25,25.1645625,77.0,12582.28125,500.0,1 Day,1.0,100.0,Yes,,,,
PP202,VEN003,Krishna Vanijya Pvt. Ltd.,FBB —(CS1),CYBER XL,ITC,280.0,Paper,White,22*28,616,13.28096,77.0,6640.48,500.0,1 Day,1.0,100.0,Yes,,,,
PP203,VEN003,Krishna Vanijya Pvt. Ltd.,FBB —(CS1),CYBER XL,ITC,280.0,Paper,White,23*36,828,17.85168,77.0,8925.84,500.0,1 Day,1.0,100.0,Yes,,,,
PP204,VEN003,Krishna Vanijya Pvt. Ltd.,FBB —(CS1),CYBER XL,ITC,280.0,Paper,White,25*38,950,20.482,77.0,10241,500.0,1 Day,1.0,100.0,Yes,,,,
PP205,VEN003,Krishna Vanijya Pvt. Ltd.,FBB —(CS1),CYBER XL,ITC,280.0,Paper,White,31.5*41.5,1307.25,28.18431,77.0,14092.155,500.0,1 Day,1.0,100.0,Yes,,,,
PP206,VEN003,Krishna Vanijya Pvt. Ltd.,FBB —(CS1),CYBER XL,ITC,300.0,Paper,White,22*28,616,14.2296,77.0,7114.8,500.0,1 Day,1.0,100.0,Yes,,,,
PP207,VEN003,Krishna Vanijya Pvt. Ltd.,FBB —(CS1),CYBER XL,ITC,300.0,Paper,White,23*36,828,19.1268,77.0,9563.4,500.0,1 Day,1.0,100.0,Yes,,,,
PP208,VEN003,Krishna Vanijya Pvt. Ltd.,FBB —(CS1),CYBER XL,ITC,300.0,Paper,White,25*38,950,21.945,77.0,10972.5,500.0,1 Day,1.0,100.0,Yes,,,,
PP209,VEN003,Krishna Vanijya Pvt. Ltd.,FBB —(CS1),CYBER XL,ITC,300.0,Paper,White,31.5*41.5,1307.25,30.197475,77.0,15098.7375,500.0,1 Day,1.0,100.0,Yes,,,,
PP210,VEN003,Krishna Vanijya Pvt. Ltd.,Uncoated,Maplitho,IKWOODFREE,70.0,Paper,White,20*30,600,3.192,76.0,1596,500.0,1 Day,1.0,500.0,Yes,,,,
PP211,VEN003,Krishna Vanijya Pvt. Ltd.,Uncoated,Maplitho,IKWOODFREE,70.0,Paper,White,25*36,900,4.788,76.0,0.0,500.0,1 Day,1.0,500.0,Yes,,,,
PP212,VEN003,Krishna Vanijya Pvt. Ltd.,Uncoated,Maplitho,IKWOODFREE,70.0,Paper,White,23*36,828,4.40496,76.0,0.0,500.0,1 Day,1.0,500.0,Yes,,,,
PP213,VEN003,Krishna Vanijya Pvt. Ltd.,Uncoated,Maplitho,IKWOODFREE,80.0,Paper,White,20*30,600,3.744,78.0,1872,500.0,1 Day,1.0,500.0,Yes,,,,
PP214,VEN003,Krishna Vanijya Pvt. Ltd.,Uncoated,Maplitho,IKWOODFREE,80.0,Paper,White,25*36,900,5.616,78.0,2808,500.0,1 Day,1.0,500.0,Yes,,,,
PP215,VEN003,Krishna Vanijya Pvt. Ltd.,Uncoated,Maplitho,IKWOODFREE,80.0,Paper,White,23*36,828,5.16672,78.0,2583.36,500.0,1 Day,1.0,500.0,Yes,,,,
PP216,VEN003,Krishna Vanijya Pvt. Ltd.,Uncoated,Maplitho,IKWOODFREE,90.0,Paper,White,20*30,600,4.212,78.0,2106,500.0,1 Day,1.0,500.0,Yes,,,,
PP217,VEN003,Krishna Vanijya Pvt. Ltd.,Uncoated,Maplitho,IKWOODFREE,90.0,Paper,White,25*36,900,6.318,78.0,3159,500.0,1 Day,1.0,500.0,Yes,,,,
PP218,VEN003,Krishna Vanijya Pvt. Ltd.,Uncoated,Maplitho,IKWOODFREE,90.0,Paper,White,23*36,828,5.81256,78.0,2906.28,500.0,1 Day,1.0,500.0,Yes,,,,
PP219,VEN003,Krishna Vanijya Pvt. Ltd.,Uncoated,Maplitho,IKWOODFREE,100.0,Paper,White,20*30,600,4.68,78.0,2340,500.0,1 Day,1.0,500.0,Yes,,,,
PP220,VEN003,Krishna Vanijya Pvt. Ltd.,Uncoated,Maplitho,IKWOODFREE,120.0,Paper,White,20*30,600,5.616,78.0,2808,500.0,1 Day,1.0,250.0,Yes,,,,
PP221,VEN003,Krishna Vanijya Pvt. Ltd.,Uncoated,Maplitho,IKWOODFREE,120.0,Paper,White,23*36,828,7.75008,78.0,3875.04,500.0,1 Day,1.0,250.0,Yes,,,,
PP222,VEN003,Krishna Vanijya Pvt. Ltd.,Uncoated,Maplitho,IKWOODFREE,120.0,Paper,White,25*36,900,8.424,78.0,4212,500.0,1 Day,1.0,500.0,Yes,,,,
PP223,VEN003,Krishna Vanijya Pvt. Ltd.,Uncoated(Natural),N.S. MAPLITHO,ITC,60.0,Paper,Yellow,20*30,600,2.7,75.0,1350,500.0,1 Day,1.0,500.0,Yes,,,,
PP224,VEN003,Krishna Vanijya Pvt. Ltd.,Uncoated(Natural),N.S. MAPLITHO,ITC,60.0,Paper,Yellow,23*36,828,3.726,75.0,1863,500.0,1 Day,1.0,500.0,Yes,,,,
PP225,VEN003,Krishna Vanijya Pvt. Ltd.,Uncoated(Natural),N.S. MAPLITHO,ITC,60.0,Paper,Yellow,25*36,900,4.05,75.0,2025,500.0,1 Day,1.0,500.0,Yes,,,,
PP226,VEN003,Krishna Vanijya Pvt. Ltd.,Uncoated(Natural),N.S. MAPLITHO,ITC,70.0,Paper,Yellow,20*30,600,3.15,75.0,1575,500.0,1 Day,1.0,500.0,Yes,,,,
PP227,VEN003,Krishna Vanijya Pvt. Ltd.,Uncoated(Natural),N.S. MAPLITHO,ITC,70.0,Paper,Yellow,23*36,828,4.347,75.0,2173.5,500.0,1 Day,1.0,500.0,Yes,,,,
PP228,VEN003,Krishna Vanijya Pvt. Ltd.,Uncoated(Natural),N.S. MAPLITHO,ITC,70.0,Paper,Yellow,25*36,900,4.725,75.0,2362.5,500.0,1 Day,1.0,500.0,Yes,,,,
PP229,VEN003,Krishna Vanijya Pvt. Ltd.,Uncoated(Natural),N.S. MAPLITHO,ITC,80.0,Paper,Yellow,20*30,600,3.6,75.0,1800,500.0,1 Day,1.0,500.0,Yes,,,,
PP230,VEN003,Krishna Vanijya Pvt. Ltd.,Uncoated(Natural),N.S. MAPLITHO,ITC,80.0,Paper,Yellow,23*36,828,4.968,75.0,2484,500.0,1 Day,1.0,500.0,Yes,,,,
PP231,VEN003,Krishna Vanijya Pvt. Ltd.,Uncoated(Natural),N.S. MAPLITHO,ITC,80.0,Paper,Yellow,25*36,900,5.4,75.0,2700,500.0,1 Day,1.0,500.0,Yes,,,,
PP232,VEN003,Krishna Vanijya Pvt. Ltd.,Uncoated(Natural),N.S. MAPLITHO,ITC,90.0,Paper,Yellow,20*30,600,4.05,75.0,2025,500.0,1 Day,1.0,500.0,Yes,,,,
PP233,VEN003,Krishna Vanijya Pvt. Ltd.,Uncoated(Natural),N.S. MAPLITHO,ITC,90.0,Paper,Yellow,23*36,828,5.589,75.0,2794.5,500.0,1 Day,1.0,500.0,Yes,,,,
PP234,VEN003,Krishna Vanijya Pvt. Ltd.,Uncoated(Natural),N.S. MAPLITHO,ITC,90.0,Paper,Yellow,25*36,900,6.075,75.0,3037.5,500.0,1 Day,1.0,500.0,Yes,,,,
PP235,VEN003,Krishna Vanijya Pvt. Ltd.,Uncoated(Natural),N.S. MAPLITHO,ITC,120.0,Paper,Yellow,20*30,600,5.4,75.0,2700,500.0,1 Day,1.0,500.0,Yes,,,,
PP236,VEN003,Krishna Vanijya Pvt. Ltd.,Uncoated(Natural),N.S. MAPLITHO,ITC,120.0,Paper,Yellow,23*36,828,7.452,75.0,3726,500.0,1 Day,1.0,500.0,Yes,,,,
PP237,VEN003,Krishna Vanijya Pvt. Ltd.,Uncoated(Natural),N.S. MAPLITHO,ITC,120.0,Paper,Yellow,25*36,900,8.1,75.0,4050,500.0,1 Day,1.0,500.0,Yes,,,,
PP238,VEN003,Krishna Vanijya Pvt. Ltd.,SBS(CS1),CARTE LUMINA,ITC,280.0,Paper,White,22*28,616,13.45344,78.0,6726.72,500.0,1 Day,1.0,100.0,Yes,,,,
PP239,VEN003,Krishna Vanijya Pvt. Ltd.,SBS(CS1),CARTE LUMINA,ITC,280.0,Paper,White,23*36,828,18.08352,78.0,9041.76,500.0,1 Day,1.0,100.0,Yes,,,,
PP240,VEN003,Krishna Vanijya Pvt. Ltd.,SBS(CS1),CARTE LUMINA,ITC,280.0,Paper,white,25*38,950,20.748,78.0,10374,500.0,1 Day,1.0,100.0,Yes,,,,
PP241,VEN003,Krishna Vanijya Pvt. Ltd.,SBS(CS1),CARTE LUMINA,ITC,280.0,Paper,White,31.5*41.5,1307.25,28.55034,78.0,14275.17,500.0,1 Day,1.0,100.0,Yes,,,,
PP242,VEN003,Krishna Vanijya Pvt. Ltd.,SBS(CS1),CARTE LUMINA,ITC,300.0,Paper,White,22*28,616,14.4144,78.0,7207.2,500.0,1 Day,1.0,100.0,Yes,,,,
PP243,VEN003,Krishna Vanijya Pvt. Ltd.,SBS(CS1),CARTE LUMINA,ITC,300.0,Paper,White,23*36,828,19.3752,78.0,9687.6,500.0,1 Day,1.0,100.0,Yes,,,,
PP244,VEN003,Krishna Vanijya Pvt. Ltd.,SBS(CS1),CARTE LUMINA,ITC,300.0,Paper,White,25*38,950,22.23,78.0,11115,500.0,1 Day,1.0,100.0,Yes,,,,
PP245,VEN003,Krishna Vanijya Pvt. Ltd.,SBS(CS1),CARTE LUMINA,ITC,300.0,Paper,White,31.5*41.5,1307.25,30.58965,78.0,15294.825,500.0,1 Day,1.0,100.0,Yes,,,,
PP246,VEN003,Krishna Vanijya Pvt. Ltd.,SBS(CS1),CARTE LUMINA,ITC,350.0,Paper,White,23*36,828,22.6044,78.0,11302.2,500.0,1 Day,1.0,100.0,Yes,,,,
PP247,VEN003,Krishna Vanijya Pvt. Ltd.,SBS(CS1),CARTE LUMINA,ITC,350.0,Paper,White,31.5*41.5,1307.25,35.687925,78.0,17843.9625,500.0,1 Day,1.0,100.0,Yes,,,,
PP248,VEN003,Krishna Vanijya Pvt. Ltd.,SBS(CS1),PRE GUMMING SHEET,STIKR,,Paper,White,15*20,300,4.9,,2450,500.0,1 Day,1.0,100.0,Yes,,,,
PP249,VEN003,Krishna Vanijya Pvt. Ltd.,SBS(CS1),PRE GUMMING SHEET,STIKR,,Paper,White,18*23,414,6.8,,3400,500.0,1 Day,1.0,100.0,Yes,,,,
PP250,VEN003,Krishna Vanijya Pvt. Ltd.,SBS(CS1),PRE GUMMING SHEET,STIKR,,Paper,White,18*24,432,7.15,,3575,500.0,1 Day,1.0,100.0,Yes,,,,
PP251,VEN003,Krishna Vanijya Pvt. Ltd.,SBS(CS1),PRE GUMMING SHEET,STIKR,,Paper,White,18*25,450,7.55,,3775,500.0,1 Day,1.0,100.0,Yes,,,,
PP252,VEN003,Krishna Vanijya Pvt. Ltd.,SBS(CS1),PRE GUMMING SHEET,STIKR,,Paper,White,20*30,600,9.8,,4900,500.0,1 Day,1.0,100.0,Yes,,,,
PP253,VEN003,Krishna Vanijya Pvt. Ltd.,SBS(CS1),PRE GUMMING SHEET(DIGITAL ART),STIKR,,Paper,White,12*18,216,4.15,,2075,500.0,1 Day,1.0,100.0,Yes,,,,
PP254,VEN003,Krishna Vanijya Pvt. Ltd.,SBS(CS1),PRE GUMMING SHEET(DIGITAL ART),STIKR,,Paper,White,13*19,247,4.75,,2375,500.0,1 Day,1.0,100.0,Yes,,,,
PP255,VEN003,Krishna Vanijya Pvt. Ltd.,SBS(CS1),PREGUMMING SHEET(DIGITAL HI BULK),STIKR,,Paper,White,12*18,216,4.7,,2350,500.0,1 Day,1.0,100.0,Yes,,,,
PP256,VEN003,Krishna Vanijya Pvt. Ltd.,SBS(CS1),PREGUMMING SHEET(DIGITAL HI BULK),STIKR,,Paper,White,13*19,247,5.4,,2700,500.0,1 Day,1.0,100.0,Yes,,,,
PP257,VEN003,Krishna Vanijya Pvt. Ltd.,SBS(CS1),ITC HIZINE,ITC,120.0,Paper,White,25*36,900,8.64,80.0,4320,500.0,1 Day,1.0,250.0,Yes,,,,
PP258,VEN004,RNG PAPER,Coated Paper (C2S),ART PAPER,HANSOLE,80.0,Paper,White,20*30,600,4.08,85.0,2040,500.0,1 Day,1.0,500.0,Yes,,,,
PP259,VEN004,RNG PAPER,Coated Paper (C2S),ART PAPER,HANSOLE,80.0,Paper,White,23*36,828,5.6304,85.0,2815.2,500.0,1 Day,1.0,500.0,Yes,,,,
PP260,VEN004,RNG PAPER,Coated Paper (C2S),ART PAPER,HANSOLE,80.0,Paper,White,25*36,900,6.12,85.0,3060,500.0,1 Day,1.0,500.0,Yes,,,,
PP261,VEN004,RNG PAPER,Coated Paper (C2S),ART PAPER,HANSOLE,90.0,Paper,White,20*30,600,4.482,83.0,2241,500.0,1 Day,1.0,125.0,Yes,,,,
PP262,VEN004,RNG PAPER,Coated Paper (C2S),ART PAPER,HANSOLE,90.0,Paper,White,23*36,828,6.18516,83.0,3092.58,500.0,1 Day,1.0,125.0,Yes,,,,
PP263,VEN004,RNG PAPER,Coated Paper (C2S),ART PAPER,HANSOLE,90.0,Paper,White,25*36,900,6.723,83.0,3361.5,500.0,1 Day,1.0,125.0,Yes,,,,
PP264,VEN004,RNG PAPER,Coated Paper (C2S),ART PAPER,HANSOLE,100.0,Paper,White,20*30,600,4.8,80.0,2400,500.0,1 Day,1.0,250.0,Yes,,,,
PP265,VEN004,RNG PAPER,Coated Paper (C2S),ART PAPER,HANSOLE,100.0,Paper,White,23*36,828,6.624,80.0,3312,500.0,1 Day,1.0,250.0,Yes,,,,
PP266,VEN004,RNG PAPER,Coated Paper (C2S),ART PAPER,HANSOLE,100.0,Paper,White,22*32,704,5.632,80.0,2816,500.0,1 Day,1.0,250.0,Yes,,,,
PP267,VEN004,RNG PAPER,Coated Paper (C2S),ART PAPER,HANSOLE,120.0,Paper,White,25*36,900,8.64,80.0,4320,500.0,1 Day,1.0,250.0,Yes,,,,
PP268,VEN004,RNG PAPER,Coated Paper (C2S),ART PAPER,HANSOLE,120.0,Paper,White,23*36,828,7.9488,80.0,3974.4,500.0,1 Day,1.0,250.0,Yes,,,,
PP269,VEN004,RNG PAPER,Coated Paper (C2S),ART PAPER,HANSOLE,120.0,Paper,White,20*30,600,5.76,80.0,2880,500.0,1 Day,1.0,250.0,Yes,,,,
PP270,VEN004,RNG PAPER,Coated Paper (C2S),ART PAPER,HANSOLE,130.0,Paper,White,20*30,600,6.24,80.0,3120,500.0,1 Day,1.0,250.0,Yes,,,,
PP271,VEN004,RNG PAPER,Coated Paper (C2S),ART PAPER,HANSOLE,130.0,Paper,White,23*36,828,8.6112,80.0,4305.6,500.0,1 Day,1.0,250.0,Yes,,,,
PP272,VEN004,RNG PAPER,Coated Paper (C2S),ART PAPER,HANSOLE,130.0,Paper,White,25*36,900,9.36,80.0,4680,500.0,1 Day,1.0,250.0,Yes,,,,
PP273,VEN004,RNG PAPER,Coated Paper (C2S),ART PAPER,HANSOLE,130.0,Paper,White,22*32,704,7.3216,80.0,3660.8,500.0,1 Day,1.0,250.0,Yes,,,,
PP274,VEN004,RNG PAPER,Coated Paper (C2S),ART PAPER,HANSOLE,157.0,Paper,White,20*30,600,7.536,80.0,3768,500.0,1 Day,1.0,250.0,Yes,,,,
PP275,VEN004,RNG PAPER,Coated Paper (C2S),ART PAPER,HANSOLE,157.0,Paper,White,23*36,828,10.39968,80.0,5199.84,500.0,1 Day,1.0,250.0,Yes,,,,
PP276,VEN004,RNG PAPER,Coated Paper (C2S),ART PAPER,HANSOLE,157.0,Paper,White,25*36,900,11.304,80.0,5652,500.0,1 Day,1.0,250.0,Yes,,,,
PP277,VEN004,RNG PAPER,Coated Paper (C2S),ART PAPER,HANSOLE,170.0,Paper,White,25*36,900,12.24,80.0,6120,500.0,1 Day,1.0,250.0,Yes,,,,
PP278,VEN004,RNG PAPER,Coated Paper (C2S),ART PAPER,HANSOLE,170.0,Paper,White,23*36,828,11.2608,80.0,5630.4,500.0,1 Day,1.0,250.0,Yes,,,,
PP279,VEN004,RNG PAPER,Coated Paper (C2S),ART PAPER,HANSOLE,170.0,Paper,White,20*30,600,8.16,80.0,4080,500.0,1 Day,1.0,250.0,Yes,,,,
PP280,VEN004,RNG PAPER,Coated Paper (C2S),ART BOARD,HANSOLE,200.0,Paper,White,20*30,600,9.12,76.0,4560,500.0,1 Day,1.0,,Yes,,,,
PP281,VEN004,RNG PAPER,Coated Paper (C2S),ART BOARD,HANSOLE,200.0,Paper,White,23*36,828,12.5856,76.0,6292.8,500.0,1 Day,1.0,,Yes,,,,
PP282,VEN004,RNG PAPER,Coated Paper (C2S),ART BOARD,HANSOLE,200.0,Paper,White,25*36,900,13.68,76.0,6840,500.0,1 Day,1.0,,Yes,,,,
PP283,VEN004,RNG PAPER,Coated Paper (C2S),ART BOARD,HANSOLE,210.0,Paper,White,20*30,600,10.08,80.0,5040,500.0,1 Day,1.0,,Yes,,,,
PP284,VEN004,RNG PAPER,Coated Paper (C2S),ART BOARD,HANSOLE,210.0,Paper,White,22*28,616,10.3488,80.0,5174.4,500.0,1 Day,1.0,,Yes,,,,
PP285,VEN004,RNG PAPER,Coated Paper (C2S),ART BOARD,HANSOLE,210.0,Paper,White,23*36,828,13.9104,80.0,6955.2,500.0,1 Day,1.0,,Yes,,,,
PP286,VEN004,RNG PAPER,Coated Paper (C2S),ART BOARD,HANSOLE,210.0,Paper,White,25*36,900,15.12,80.0,7560,500.0,1 Day,1.0,,Yes,,,,
PP287,VEN004,RNG PAPER,Coated Paper (C2S),ART BOARD,HANSOLE,250.0,Paper,White,25*36,900,18,80.0,9000,500.0,1 Day,1.0,,Yes,,,,
PP288,VEN004,RNG PAPER,Coated Paper (C2S),ART BOARD,HANSOLE,250.0,Paper,White,23*36,828,16.56,80.0,8280,500.0,1 Day,1.0,,Yes,,,,
PP289,VEN004,RNG PAPER,Coated Paper (C2S),ART BOARD,HANSOLE,250.0,Paper,White,20*30,600,12,80.0,0.0,500.0,1 Day,1.0,,Yes,,,,
PP290,VEN004,RNG PAPER,Coated Paper (C2S),ART BOARD,HANSOLE,250.0,Paper,White,22*28,616,12.32,80.0,6160,500.0,1 Day,1.0,125.0,Yes,,,,
PP291,VEN004,RNG PAPER,Coated Paper (C2S),ART BOARD,LUXE,250.0,Paper,White,25*36,900,18.9,84.0,9450,500.0,1 Day,1.0,125.0,Yes,,,,
PP292,VEN004,RNG PAPER,Coated Paper (C2S),ART BOARD,LUXE,250.0,Paper,White,23*36,828,17.388,84.0,8694,500.0,1 Day,1.0,125.0,Yes,,,,
PP293,VEN004,RNG PAPER,Coated Paper (C2S),ART BOARD,LUXE,250.0,Paper,White,20*30,600,12.6,84.0,6300,500.0,1 Day,1.0,125.0,Yes,,,,
PP294,VEN004,RNG PAPER,Coated Paper (C2S),ART BOARD,LUXE,250.0,Paper,White,22*28,616,12.936,84.0,6468,500.0,1 Day,1.0,125.0,Yes,,,,
PP295,VEN004,RNG PAPER,Coated Paper (C2S),ART BOARD,HANSOLE,300.0,Paper,White,25*36,900,21.6,80.0,10800,500.0,1 Day,1.0,125.0,Yes,,,,
PP296,VEN004,RNG PAPER,Coated Paper (C2S),ART BOARD,HANSOLE,300.0,Paper,White,23*36,828,19.872,80.0,9936,500.0,1 Day,1.0,125.0,Yes,,,,
PP297,VEN004,RNG PAPER,Coated Paper (C2S),ART BOARD,HANSOLE,300.0,Paper,White,20*30,600,14.4,80.0,7200,500.0,1 Day,1.0,125.0,Yes,,,,
PP298,VEN004,RNG PAPER,Coated Paper (C2S),ART BOARD,HANSOLE,250.0,Paper,White,25*36,900,18,80.0,9000,500.0,1 Day,1.0,,Yes,,,,
PP299,VEN004,RNG PAPER,Coated Paper (C2S),ART BOARD,HANSOLE,250.0,Paper,White,23*36,828,16.56,80.0,8280,500.0,1 Day,1.0,,Yes,,,,
PP300,VEN004,RNG PAPER,Coated Paper (C2S),ART BOARD,HANSOLE,250.0,Paper,White,22*28,616,12.32,80.0,6160,500.0,1 Day,1.0,,Yes,,,,
PP301,VEN004,RNG PAPER,Coated Paper (C2S),ART BOARD,HANSOLE,300.0,Paper,White,25*36,900,21.6,80.0,10800,500.0,1 Day,1.0,,Yes,,,,
PP302,VEN004,RNG PAPER,Coated Paper (C2S),ART BOARD,HANSOLE,300.0,Paper,White,23*36,828,19.872,80.0,9936,500.0,1 Day,1.0,,Yes,,,,
PP303,VEN004,RNG PAPER,Coated Paper (C2S),ART BOARD,HANSOLE,300.0,Paper,White,22*28,616,14.784,80.0,7392,500.0,1 Day,1.0,,Yes,,,,
PP304,VEN004,RNG PAPER,Coated Paper (C2S),ART BOARD,HANSOLE,350.0,Paper,White,25*36,900,25.2,80.0,12600,500.0,1 Day,1.0,,Yes,,,,
PP305,VEN004,RNG PAPER,Coated Paper (C2S),ART BOARD,HANSOLE,350.0,Paper,White,23*36,828,23.184,80.0,11592,500.0,1 Day,1.0,,Yes,,,,
PP306,VEN004,RNG PAPER,Coated Paper (C2S),ART BOARD,HANSOLE,350.0,Paper,White,22*28,616,17.248,80.0,8624,500.0,1 Day,1.0,,Yes,,,,
PP307,VEN004,RNG PAPER,Uncoated,Maplitho,IKWOODFREE,54.0,Paper,White,20*30,600,2.5596,79.0,1279.8,500.0,1 Day,1.0,,Yes,,,,
PP308,VEN004,RNG PAPER,Uncoated,Maplitho,IKWOODFREE,54.0,Paper,White,23*36,828,3.532248,79.0,1766.124,500.0,1 Day,1.0,,Yes,,,,
PP309,VEN004,RNG PAPER,Uncoated,Maplitho,IKWOODFREE,54.0,Paper,White,25*36,900,3.8394,79.0,1919.7,500.0,1 Day,1.0,,Yes,,,,
PP310,VEN004,RNG PAPER,Uncoated,Maplitho,IKWOODFREE,70.0,Paper,White,20*30,600,3.318,79.0,1659,500.0,1 Day,1.0,500.0,Yes,,,,
PP311,VEN004,RNG PAPER,Uncoated,Maplitho,IKWOODFREE,70.0,Paper,White,25*36,900,4.977,79.0,0.0,500.0,1 Day,1.0,500.0,Yes,,,,
PP312,VEN004,RNG PAPER,Uncoated,Maplitho,IKWOODFREE,70.0,Paper,White,23*36,828,4.57884,79.0,0.0,500.0,1 Day,1.0,500.0,Yes,,,,
PP313,VEN004,RNG PAPER,Uncoated,Maplitho,IKWOODFREE,80.0,Paper,White,20*30,600,3.792,79.0,1896,500.0,1 Day,1.0,,Yes,,,,
PP314,VEN004,RNG PAPER,Uncoated,Maplitho,IKWOODFREE,80.0,Paper,White,25*36,900,5.688,79.0,2844,500.0,1 Day,1.0,,Yes,,,,
PP315,VEN004,RNG PAPER,Uncoated,Maplitho,IKWOODFREE,80.0,Paper,White,23*36,828,5.23296,79.0,2616.48,500.0,1 Day,1.0,,Yes,,,,
PP316,VEN004,RNG PAPER,Uncoated,Maplitho,IKWOODFREE,90.0,Paper,White,20*30,600,4.266,79.0,2133,500.0,1 Day,1.0,,Yes,,,,
PP317,VEN004,RNG PAPER,Uncoated,Maplitho,IKWOODFREE,90.0,Paper,White,25*36,900,6.399,79.0,3199.5,500.0,1 Day,1.0,,Yes,,,,
PP318,VEN004,RNG PAPER,Uncoated,Maplitho,IKWOODFREE,90.0,Paper,White,23*36,828,5.88708,79.0,2943.54,500.0,1 Day,1.0,,Yes,,,,
PP319,VEN004,RNG PAPER,Uncoated,Maplitho,IKWOODFREE,100.0,Paper,White,20*30,600,4.74,79.0,2370,500.0,1 Day,1.0,,Yes,,,,
PP320,VEN004,RNG PAPER,Uncoated,Maplitho,IKWOODFREE,100.0,Paper,White,23*36,828,6.5412,79.0,3270.6,500.0,1 Day,1.0,,Yes,,,,
PP321,VEN004,RNG PAPER,Uncoated,Maplitho,IKWOODFREE,100.0,Paper,White,25*36,900,7.11,79.0,3555,500.0,1 Day,1.0,,Yes,,,,
PP322,VEN004,RNG PAPER,Uncoated,Maplitho,IKWOODFREE,120.0,Paper,White,20*30,600,5.688,79.0,2844,500.0,1 Day,1.0,,Yes,,,,
PP323,VEN004,RNG PAPER,Uncoated,Maplitho,IKWOODFREE,120.0,Paper,White,23*36,828,7.84944,79.0,3924.72,500.0,1 Day,1.0,,Yes,,,,
PP324,VEN004,RNG PAPER,Uncoated,Maplitho,IKWOODFREE,120.0,Paper,White,25*36,900,8.532,79.0,4266,500.0,1 Day,1.0,,Yes,,,,
PP325,VEN004,RNG PAPER,Uncoated,Maplitho,IKWOODFREE,140.0,Paper,White,20*30,600,6.636,79.0,3318,500.0,1 Day,1.0,,Yes,,,,
PP326,VEN004,RNG PAPER,Uncoated,Maplitho,IKWOODFREE,140.0,Paper,White,23*36,828,9.15768,79.0,4578.84,500.0,1 Day,1.0,,Yes,,,,
PP327,VEN004,RNG PAPER,Uncoated,Maplitho,IKWOODFREE,140.0,Paper,White,25*36,900,9.954,79.0,4977,500.0,1 Day,1.0,,Yes,,,,
PP328,VEN004,RNG PAPER,Uncoated,N.S. MAPLITHO,SICAA,60.0,Paper,White,20*30,600,2.916,81.0,1458,500.0,1 Day,1.0,,Yes,,,,
PP329,VEN004,RNG PAPER,Uncoated,N.S. MAPLITHO,SICAA,60.0,Paper,White,23*36,828,4.02408,81.0,2012.04,500.0,1 Day,1.0,,Yes,,,,
PP330,VEN004,RNG PAPER,Uncoated,N.S. MAPLITHO,SICAA,60.0,Paper,White,25*36,900,4.374,81.0,2187,500.0,1 Day,1.0,,Yes,,,,
PP331,VEN004,RNG PAPER,Uncoated,N.S. MAPLITHO,SICAA,70.0,Paper,White,20*30,600,3.402,81.0,1701,500.0,1 Day,1.0,,Yes,,,,
PP332,VEN004,RNG PAPER,Uncoated,N.S. MAPLITHO,SICAA,70.0,Paper,White,23*36,828,4.69476,81.0,2347.38,500.0,1 Day,1.0,,Yes,,,,
PP333,VEN004,RNG PAPER,Uncoated,N.S. MAPLITHO,SICAA,70.0,Paper,White,25*36,900,5.103,81.0,2551.5,500.0,1 Day,1.0,,Yes,,,,
PP334,VEN004,RNG PAPER,Uncoated,N.S. MAPLITHO,SICAA,80.0,Paper,White,20*30,600,3.888,81.0,1944,500.0,1 Day,1.0,,Yes,,,,
PP335,VEN004,RNG PAPER,Uncoated,N.S. MAPLITHO,SICAA,80.0,Paper,White,23*36,828,5.36544,81.0,2682.72,500.0,1 Day,1.0,,Yes,,,,
PP336,VEN004,RNG PAPER,Uncoated,N.S. MAPLITHO,SICAA,80.0,Paper,White,25*36,900,5.832,81.0,2916,500.0,1 Day,1.0,,Yes,,,,
PP337,VEN004,RNG PAPER,Uncoated,N.S. MAPLITHO,SICAA,90.0,Paper,White,20*30,600,4.374,81.0,2187,500.0,1 Day,1.0,,Yes,,,,
PP338,VEN004,RNG PAPER,Uncoated,N.S. MAPLITHO,SICAA,90.0,Paper,White,23*36,828,6.03612,81.0,3018.06,500.0,1 Day,1.0,,Yes,,,,
PP339,VEN004,RNG PAPER,Uncoated,N.S. MAPLITHO,SICAA,90.0,Paper,White,25*36,900,6.561,81.0,3280.5,500.0,1 Day,1.0,,Yes,,,,
PP340,VEN004,RNG PAPER,Uncoated,N.S. MAPLITHO,SICAA,120.0,Paper,White,20*30,600,5.832,81.0,2916,500.0,1 Day,1.0,,Yes,,,,
PP341,VEN004,RNG PAPER,Uncoated,N.S. MAPLITHO,SICAA,120.0,Paper,White,23*36,828,8.04816,81.0,4024.08,500.0,1 Day,1.0,,Yes,,,,
PP342,VEN004,RNG PAPER,Uncoated,N.S. MAPLITHO,SICAA,120.0,Paper,White,25*36,900,8.748,81.0,4374,500.0,1 Day,1.0,,Yes,,,,
PP343,VEN004,RNG PAPER,SBS(CS1),PRE GUMMING SHEET,AVERY,,Paper,White,20*30,600,12.2,,6100,500.0,1 Day,1.0,100.0,Yes,,,,
PP344,VEN004,RNG PAPER,SBS(CS1),PRE GUMMING SHEET,AVERY,,Paper,White,18*23,414,8.89,,4445,500.0,1 Day,1.0,100.0,Yes,,,,
PP345,VEN004,RNG PAPER,SBS(CS1),PRE GUMMING SHEET,AVERY,,Paper,White,18*24,432,9.15,,4575,500.0,1 Day,1.0,100.0,Yes,,,,
PP346,VEN004,RNG PAPER,SBS(CS1),PRE GUMMING SHEET,AVERY,,Paper,White,18*25,450,9.57,,4785,500.0,1 Day,1.0,100.0,Yes,,,,
PP347,VEN005,PARAMOUNT PAPER,Coated Paper (C2S),ART PAPER,HI KOTE,80.0,Paper,White,20*30,600,3.984,83.0,1992,500.0,1 Day,1.0,500.0,Yes,,,,
PP348,VEN005,PARAMOUNT PAPER,Coated Paper (C2S),ART PAPER,HI KOTE,80.0,Paper,White,23*36,828,5.49792,83.0,2748.96,500.0,1 Day,1.0,500.0,Yes,,,,
PP349,VEN005,PARAMOUNT PAPER,Coated Paper (C2S),ART PAPER,HI KOTE,80.0,Paper,White,25*36,900,5.976,83.0,2988,500.0,1 Day,1.0,500.0,Yes,,,,
PP350,VEN005,PARAMOUNT PAPER,Coated Paper (C2S),ART PAPER,HI KOTE,90.0,Paper,White,20*30,600,4.374,81.0,2187,500.0,1 Day,1.0,500.0,Yes,,,,
PP351,VEN005,PARAMOUNT PAPER,Coated Paper (C2S),ART PAPER,HI KOTE,90.0,Paper,White,23*36,828,6.03612,81.0,3018.06,500.0,1 Day,1.0,500.0,Yes,,,,
PP352,VEN005,PARAMOUNT PAPER,Coated Paper (C2S),ART PAPER,HI KOTE,90.0,Paper,White,25*36,900,6.561,81.0,3280.5,500.0,1 Day,1.0,500.0,Yes,,,,
PP353,VEN005,PARAMOUNT PAPER,Coated Paper (C2S),ART PAPER,HI KOTE,100.0,Paper,White,20*30,600,4.68,78.0,2340,500.0,1 Day,1.0,250.0,Yes,,,,
PP354,VEN005,PARAMOUNT PAPER,Coated Paper (C2S),ART PAPER,HI KOTE,100.0,Paper,White,23*36,828,6.4584,78.0,3229.2,500.0,1 Day,1.0,250.0,Yes,,,,
PP355,VEN005,PARAMOUNT PAPER,Coated Paper (C2S),ART PAPER,HI KOTE,100.0,Paper,White,22*32,704,5.4912,78.0,2745.6,500.0,1 Day,1.0,250.0,Yes,,,,
PP356,VEN005,PARAMOUNT PAPER,Coated Paper (C2S),ART PAPER,HI KOTE,120.0,Paper,White,25*36,900,8.424,78.0,4212,500.0,1 Day,1.0,250.0,Yes,,,,
PP357,VEN005,PARAMOUNT PAPER,Coated Paper (C2S),ART PAPER,HI KOTE,120.0,Paper,White,23*36,828,7.75008,78.0,3875.04,500.0,1 Day,1.0,250.0,Yes,,,,
PP358,VEN005,PARAMOUNT PAPER,Coated Paper (C2S),ART PAPER,HI KOTE,120.0,Paper,White,20*30,600,5.616,78.0,2808,500.0,1 Day,1.0,250.0,Yes,,,,
PP359,VEN005,PARAMOUNT PAPER,Coated Paper (C2S),ART PAPER,HI KOTE,130.0,Paper,White,20*30,600,6.084,78.0,3042,500.0,1 Day,1.0,250.0,Yes,,,,
PP360,VEN005,PARAMOUNT PAPER,Coated Paper (C2S),ART PAPER,HI KOTE,130.0,Paper,White,23*36,828,8.39592,78.0,4197.96,500.0,1 Day,1.0,250.0,Yes,,,,
PP361,VEN005,PARAMOUNT PAPER,Coated Paper (C2S),ART PAPER,HI KOTE,130.0,Paper,White,25*36,900,9.126,78.0,4563,500.0,1 Day,1.0,250.0,Yes,,,,
PP362,VEN005,PARAMOUNT PAPER,Coated Paper (C2S),ART PAPER,HI KOTE,130.0,Paper,White,22*32,704,7.13856,78.0,3569.28,500.0,1 Day,1.0,250.0,Yes,,,,
PP363,VEN005,PARAMOUNT PAPER,Coated Paper (C2S),ART PAPER,HI KOTE,157.0,Paper,White,20*30,600,7.3476,78.0,3673.8,500.0,1 Day,1.0,250.0,Yes,,,,
PP364,VEN005,PARAMOUNT PAPER,Coated Paper (C2S),ART PAPER,HI KOTE,157.0,Paper,White,23*36,828,10.139688,78.0,5069.844,500.0,1 Day,1.0,250.0,Yes,,,,
PP365,VEN005,PARAMOUNT PAPER,Coated Paper (C2S),ART PAPER,HI KOTE,157.0,Paper,White,25*36,900,11.0214,78.0,5510.7,500.0,1 Day,1.0,250.0,Yes,,,,
PP366,VEN005,PARAMOUNT PAPER,Coated Paper (C2S),ART PAPER,HI KOTE,170.0,Paper,White,25*36,900,11.934,78.0,5967,500.0,1 Day,1.0,250.0,Yes,,,,
PP367,VEN005,PARAMOUNT PAPER,Coated Paper (C2S),ART PAPER,HI KOTE,170.0,Paper,White,23*36,828,10.97928,78.0,5489.64,500.0,1 Day,1.0,250.0,Yes,,,,
PP368,VEN005,PARAMOUNT PAPER,Coated Paper (C2S),ART PAPER,HI KOTE,170.0,Paper,White,20*30,600,7.956,78.0,3978,500.0,1 Day,1.0,250.0,Yes,,,,
PP369,VEN005,PARAMOUNT PAPER,Coated Paper (C2S),ART BOARD,HI KOTE,200.0,Paper,White,20*30,600,9.24,77.0,4620,500.0,1 Day,1.0,,Yes,,,,
PP370,VEN005,PARAMOUNT PAPER,Coated Paper (C2S),ART BOARD,HI KOTE,200.0,Paper,White,23*36,828,12.7512,77.0,6375.6,500.0,1 Day,1.0,,Yes,,,,
PP371,VEN005,PARAMOUNT PAPER,Coated Paper (C2S),ART BOARD,HI KOTE,200.0,Paper,White,25*36,900,13.86,77.0,6930,500.0,1 Day,1.0,,Yes,,,,
PP372,VEN005,PARAMOUNT PAPER,Coated Paper (C2S),ART BOARD,HI KOTE,210.0,Paper,White,20*30,600,9.702,77.0,4851,500.0,1 Day,1.0,,Yes,,,,
PP373,VEN005,PARAMOUNT PAPER,Coated Paper (C2S),ART BOARD,HI KOTE,210.0,Paper,White,22*28,616,9.96072,77.0,4980.36,500.0,1 Day,1.0,,Yes,,,,
PP374,VEN005,PARAMOUNT PAPER,Coated Paper (C2S),ART BOARD,HI KOTE,210.0,Paper,White,23*36,828,13.38876,77.0,6694.38,500.0,1 Day,1.0,,Yes,,,,
PP375,VEN005,PARAMOUNT PAPER,Coated Paper (C2S),ART BOARD,HI KOTE,210.0,Paper,White,25*36,900,14.553,77.0,7276.5,500.0,1 Day,1.0,,Yes,,,,
PP376,VEN005,PARAMOUNT PAPER,Coated Paper (C2S),ART BOARD,HI KOTE,250.0,Paper,White,25*36,900,17.325,77.0,8662.5,500.0,1 Day,1.0,,Yes,,,,
PP377,VEN005,PARAMOUNT PAPER,Coated Paper (C2S),ART BOARD,HI KOTE,250.0,Paper,White,23*36,828,15.939,77.0,7969.5,500.0,1 Day,1.0,,Yes,,,,
PP378,VEN005,PARAMOUNT PAPER,Coated Paper (C2S),ART BOARD,HI KOTE,250.0,Paper,White,20*30,600,11.55,77.0,5775,500.0,1 Day,1.0,,Yes,,,,
PP379,VEN005,PARAMOUNT PAPER,Coated Paper (C2S),ART BOARD,HI KOTE,250.0,Paper,White,22*28,616,11.858,77.0,5929,500.0,1 Day,1.0,,Yes,,,,
PP380,VEN005,PARAMOUNT PAPER,Coated Paper (C2S),ART BOARD,HI KOTE,300.0,Paper,White,25*36,900,20.79,77.0,10395,500.0,1 Day,1.0,,Yes,,,,
PP381,VEN005,PARAMOUNT PAPER,Coated Paper (C2S),ART BOARD,HI KOTE,300.0,Paper,White,23*36,828,19.1268,77.0,9563.4,500.0,1 Day,1.0,,Yes,,,,
PP382,VEN005,PARAMOUNT PAPER,Coated Paper (C2S),ART BOARD,HI KOTE,300.0,Paper,White,20*30,600,13.86,77.0,6930,500.0,1 Day,1.0,,Yes,,,,
PP383,VEN005,PARAMOUNT PAPER,Coated Paper (C2S),ART BOARD,HI KOTE,250.0,Paper,White,25*36,900,17.325,77.0,8662.5,500.0,1 Day,1.0,,Yes,,,,
PP384,VEN005,PARAMOUNT PAPER,Coated Paper (C2S),ART BOARD,HI KOTE,250.0,Paper,White,23*36,828,15.939,77.0,7969.5,500.0,1 Day,1.0,,Yes,,,,
PP385,VEN005,PARAMOUNT PAPER,Coated Paper (C2S),ART BOARD,HI KOTE,250.0,Paper,White,22*28,616,11.858,77.0,5929,500.0,1 Day,1.0,,Yes,,,,
PP386,VEN005,PARAMOUNT PAPER,Coated Paper (C2S),ART BOARD,HI KOTE,300.0,Paper,White,25*36,900,20.79,77.0,10395,500.0,1 Day,1.0,,Yes,,,,
PP387,VEN005,PARAMOUNT PAPER,Coated Paper (C2S),ART BOARD,HI KOTE,300.0,Paper,White,23*36,828,19.1268,77.0,9563.4,500.0,1 Day,1.0,,Yes,,,,
PP388,VEN005,PARAMOUNT PAPER,Coated Paper (C2S),ART BOARD,HI KOTE,300.0,Paper,White,22*28,616,14.2296,77.0,7114.8,500.0,1 Day,1.0,,Yes,,,,
PP389,VEN005,PARAMOUNT PAPER,Coated Paper (C2S),ART BOARD,HI KOTE,350.0,Paper,White,25*36,900,24.255,77.0,12127.5,500.0,1 Day,1.0,,Yes,,,,
PP390,VEN005,PARAMOUNT PAPER,Coated Paper (C2S),ART BOARD,HI KOTE,350.0,Paper,White,23*36,828,22.3146,77.0,11157.3,500.0,1 Day,1.0,,Yes,,,,
PP391,VEN005,PARAMOUNT PAPER,Coated Paper (C2S),ART BOARD,HI KOTE,350.0,Paper,White,22*28,616,16.6012,77.0,8300.6,500.0,1 Day,1.0,,Yes,,,,
PP392,VEN005,PARAMOUNT PAPER,Coated Paper (C2S),ART BOARD,HI KOTE,300.0,Paper,White,22*28,616,14.2296,77.0,7114.8,500.0,1 Day,1.0,,Yes,,,,
PP393,VEN005,PARAMOUNT PAPER,Coated Paper (C2S),ART BOARD,HI KOTE,300.0,Paper,White,23*36,828,19.1268,77.0,9563.4,500.0,1 Day,1.0,,Yes,,,,
PP394,VEN005,PARAMOUNT PAPER,Coated Paper (C2S),ART BOARD,HI KOTE,300.0,Paper,White,25*36,900,20.79,77.0,10395,500.0,1 Day,1.0,,Yes,,,,
PP395,VEN005,PARAMOUNT PAPER,Coated Paper (C2S),ART BOARD,HI KOTE,300.0,Paper,White,31.5*41.5,1307.25,30.197475,77.0,15098.7375,500.0,1 Day,1.0,,Yes,,,,
PP396,VEN005,PARAMOUNT PAPER,Coated Paper (C2S),ART BOARD,HI KOTE,250.0,Paper,White,22*28,616,11.858,77.0,5929,500.0,1 Day,1.0,,Yes,,,,
PP397,VEN005,PARAMOUNT PAPER,Coated Paper (C2S),ART BOARD,HI KOTE,250.0,Paper,White,23*36,828,15.939,77.0,7969.5,500.0,1 Day,1.0,,Yes,,,,
PP398,VEN005,PARAMOUNT PAPER,Coated Paper (C2S),ART BOARD,HI KOTE,250.0,Paper,White,25*36,900,17.325,77.0,8662.5,500.0,1 Day,1.0,,Yes,,,,
PP399,VEN005,PARAMOUNT PAPER,Coated Paper (C2S),ART BOARD,HI KOTE,250.0,Paper,White,31.5*41.5,1307.25,25.1645625,77.0,12582.28125,500.0,1 Day,1.0,,Yes,,,,
PP400,VEN003,Krishna Vanijya Pvt. Ltd.,FBB —(CS1),CYBER XL,ITC,250.0,Paper,White,22*28,616,11.858,77.0,5929,500.0,1 Day,1.0,100.0,Yes,,,,
PP401,VEN003,Krishna Vanijya Pvt. Ltd.,FBB —(CS1),CYBER XL,ITC,250.0,Paper,White,23*36,828,15.939,77.0,7969.5,500.0,1 Day,1.0,100.0,Yes,,,,
PP402,VEN003,Krishna Vanijya Pvt. Ltd.,FBB —(CS1),CYBER XL,ITC,250.0,Paper,White,25*38,950,18.2875,77.0,9143.75,500.0,1 Day,1.0,100.0,Yes,,,,
PP403,VEN003,Krishna Vanijya Pvt. Ltd.,FBB —(CS1),CYBER XL,ITC,250.0,Paper,White,31.5*41.5,1307.25,25.1645625,77.0,12582.28125,500.0,1 Day,1.0,100.0,Yes,,,,
PP404,VEN005,PARAMOUNT PAPER,FBB —(CS1),CYBER XL,ITC,280.0,Paper,White,22*28,616,14.14336,82.0,7071.68,500.0,1 Day,1.0,,Yes,,,,
PP405,VEN005,PARAMOUNT PAPER,FBB —(CS1),CYBER XL,ITC,280.0,Paper,White,23*36,828,19.01088,82.0,9505.44,500.0,1 Day,1.0,,Yes,,,,
PP406,VEN005,PARAMOUNT PAPER,FBB —(CS1),CYBER XL,ITC,280.0,Paper,White,25*38,950,21.812,82.0,10906,500.0,1 Day,1.0,,Yes,,,,
PP407,VEN005,PARAMOUNT PAPER,FBB —(CS1),CYBER XL,ITC,280.0,Paper,White,31.5*41.5,1307.25,30.01446,82.0,15007.23,500.0,1 Day,1.0,,Yes,,,,
PP408,VEN005,PARAMOUNT PAPER,FBB —(CS1),CYBER XL,ITC,300.0,Paper,White,22*28,616,15.1536,82.0,7576.8,500.0,1 Day,1.0,,Yes,,,,
PP409,VEN005,PARAMOUNT PAPER,FBB —(CS1),CYBER XL,ITC,300.0,Paper,White,23*36,828,20.3688,82.0,10184.4,500.0,1 Day,1.0,,Yes,,,,
PP410,VEN005,PARAMOUNT PAPER,FBB —(CS1),CYBER XL,ITC,300.0,Paper,White,25*38,950,23.37,82.0,11685,500.0,1 Day,1.0,,Yes,,,,
PP411,VEN005,PARAMOUNT PAPER,FBB —(CS1),CYBER XL,ITC,300.0,Paper,White,31.5*41.5,1307.25,32.15835,82.0,16079.175,500.0,1 Day,1.0,,Yes,,,,
PP412,VEN005,PARAMOUNT PAPER,Uncoated,Maplitho,IKWOODFREE,70.0,Paper,White,20*30,600,3.192,76.0,1596,500.0,1 Day,1.0,,Yes,,,,
PP413,VEN005,PARAMOUNT PAPER,Uncoated,Maplitho,IKWOODFREE,70.0,Paper,White,25*36,900,4.788,76.0,2394,500.0,1 Day,1.0,,Yes,,,,
PP414,VEN005,PARAMOUNT PAPER,Uncoated,Maplitho,IKWOODFREE,70.0,Paper,White,23*36,828,4.40496,76.0,2202.48,500.0,1 Day,1.0,,Yes,,,,
PP415,VEN005,PARAMOUNT PAPER,Uncoated,Maplitho,IKWOODFREE,80.0,Paper,White,20*30,600,3.648,76.0,1824,500.0,1 Day,1.0,,Yes,,,,
PP416,VEN005,PARAMOUNT PAPER,Uncoated,Maplitho,IKWOODFREE,80.0,Paper,White,25*36,900,5.472,76.0,2736,500.0,1 Day,1.0,,Yes,,,,
PP417,VEN005,PARAMOUNT PAPER,Uncoated,Maplitho,IKWOODFREE,80.0,Paper,White,23*36,828,5.03424,76.0,2517.12,500.0,1 Day,1.0,,Yes,,,,
PP418,VEN005,PARAMOUNT PAPER,Uncoated,Maplitho,IKWOODFREE,90.0,Paper,White,20*30,600,4.104,76.0,2052,500.0,1 Day,1.0,,Yes,,,,
PP419,VEN005,PARAMOUNT PAPER,Uncoated,Maplitho,IKWOODFREE,90.0,Paper,White,25*36,900,6.156,76.0,3078,500.0,1 Day,1.0,,Yes,,,,
PP420,VEN005,PARAMOUNT PAPER,Uncoated,Maplitho,IKWOODFREE,90.0,Paper,White,23*36,828,5.66352,76.0,2831.76,500.0,1 Day,1.0,,Yes,,,,
PP421,VEN005,PARAMOUNT PAPER,Uncoated,Maplitho,IKWOODFREE,100.0,Paper,White,20*30,600,4.56,76.0,2280,500.0,1 Day,1.0,,Yes,,,,
PP422,VEN005,PARAMOUNT PAPER,Uncoated,Maplitho,IKWOODFREE,120.0,Paper,White,20*30,600,5.472,76.0,2736,500.0,1 Day,1.0,,Yes,,,,
PP423,VEN005,PARAMOUNT PAPER,Uncoated,Maplitho,IKWOODFREE,120.0,Paper,White,23*36,828,7.55136,76.0,3775.68,500.0,1 Day,1.0,,Yes,,,,
PP424,VEN005,PARAMOUNT PAPER,Uncoated,Maplitho,IKWOODFREE,120.0,Paper,White,25*36,900,8.208,76.0,4104,500.0,1 Day,1.0,,Yes,,,,
PP425,VEN005,PARAMOUNT PAPER,Uncoated(Natural),N.S. MAPLITHO,CENTURY,60.0,Paper,White,20*30,600,2.736,76.0,1368,500.0,1 Day,1.0,,Yes,,,,
PP426,VEN005,PARAMOUNT PAPER,Uncoated(Natural),N.S. MAPLITHO,CENTURY,60.0,Paper,White,23*36,828,3.77568,76.0,1887.84,500.0,1 Day,1.0,,Yes,,,,
PP427,VEN005,PARAMOUNT PAPER,Uncoated(Natural),N.S. MAPLITHO,CENTURY,60.0,Paper,White,25*36,900,4.104,76.0,2052,500.0,1 Day,1.0,,Yes,,,,
PP428,VEN005,PARAMOUNT PAPER,Uncoated(Natural),N.S. MAPLITHO,CENTURY,70.0,Paper,White,20*30,600,3.192,76.0,1596,500.0,1 Day,1.0,,Yes,,,,
PP429,VEN005,PARAMOUNT PAPER,Uncoated(Natural),N.S. MAPLITHO,CENTURY,70.0,Paper,White,23*36,828,4.40496,76.0,2202.48,500.0,1 Day,1.0,,Yes,,,,
PP430,VEN005,PARAMOUNT PAPER,Uncoated(Natural),N.S. MAPLITHO,CENTURY,70.0,Paper,White,25*36,900,4.788,76.0,2394,500.0,1 Day,1.0,,Yes,,,,
PP431,VEN005,PARAMOUNT PAPER,Uncoated(Natural),N.S. MAPLITHO,CENTURY,80.0,Paper,White,20*30,600,3.648,76.0,1824,500.0,1 Day,1.0,,Yes,,,,
PP432,VEN005,PARAMOUNT PAPER,Uncoated(Natural),N.S. MAPLITHO,CENTURY,80.0,Paper,White,23*36,828,5.03424,76.0,2517.12,500.0,1 Day,1.0,,Yes,,,,
PP433,VEN005,PARAMOUNT PAPER,Uncoated(Natural),N.S. MAPLITHO,CENTURY,80.0,Paper,White,25*36,900,5.472,76.0,2736,500.0,1 Day,1.0,,Yes,,,,
PP434,VEN005,PARAMOUNT PAPER,Uncoated(Natural),N.S. MAPLITHO,CENTURY,90.0,Paper,White,20*30,600,4.104,76.0,2052,500.0,1 Day,1.0,,Yes,,,,
PP435,VEN005,PARAMOUNT PAPER,Uncoated(Natural),N.S. MAPLITHO,CENTURY,90.0,Paper,White,23*36,828,5.66352,76.0,2831.76,500.0,1 Day,1.0,,Yes,,,,
PP436,VEN005,PARAMOUNT PAPER,Uncoated(Natural),N.S. MAPLITHO,CENTURY,90.0,Paper,White,25*36,900,6.156,76.0,3078,500.0,1 Day,1.0,,Yes,,,,
PP437,VEN005,PARAMOUNT PAPER,Uncoated(Natural),N.S. MAPLITHO,CENTURY,120.0,Paper,White,20*30,600,5.472,76.0,2736,500.0,1 Day,1.0,,Yes,,,,
PP438,VEN005,PARAMOUNT PAPER,Uncoated(Natural),N.S. MAPLITHO,CENTURY,120.0,Paper,White,23*36,828,7.55136,76.0,3775.68,500.0,1 Day,1.0,,Yes,,,,
PP439,VEN005,PARAMOUNT PAPER,Uncoated(Natural),N.S. MAPLITHO,CENTURY,120.0,Paper,White,23*36,828,7.55136,76.0,3775.68,500.0,1 Day,1.0,,Yes,,,,
PP440,VEN005,PARAMOUNT PAPER,Adhesive Coated ,GUMMING SHEET(AVERY),AVERY,,Paper,White,20*30,600,11.0,570.0,1100,100.0,1 Day,100.0,100.0,Yes,,,,
PP441,VEN005,PARAMOUNT PAPER,Adhesive Coated ,GUMMING SHEET(AVERY),AVERY,,Paper,White,18*24,432,15.0,570.0,1500,100.0,1 Day,100.0,100.0,Yes,,,,
PP442,VEN005,PARAMOUNT PAPER,Coated Paper (C2S),SSP,BALLARPUR,90.0,Paper,White,25*36,900,7.128,88.0,3564,500.0,1 Day,100.0,,,,,,
PP443,VEN005,PARAMOUNT PAPER,Coated Paper (C2S),SSP,BALLARPUR,90.0,Paper,White,23*36,828,6.55776,88.0,3278.88,500.0,1 Day,100.0,,,,,,
PP444,VEN005,PARAMOUNT PAPER,Coated Paper (C2S),SSP,BALLARPUR,90.0,Paper,White,31*40,1240,9.8208,88.0,4910.4,500.0,1 Day,100.0,,,,,,
PP445,VEN006,F.AHMED PAPER HOUSE,Coated Paper (C2S),ART PAPER,,128.0,Paper,White,23*36,828,8.584704,81.0,4292.352,500.0,1 Day,1.0,,Yes,,,,
PP446,VEN006,F.AHMED PAPER HOUSE,Coated Paper (C2S),PINDO HI BULK GOLD,PINDO,210.0,Paper,White,28*40,1120,20.4624,87.0,5115.6,250.0,2 Day,1.0,250.0,Yes,,,,
PP447,VEN006,F.AHMED PAPER HOUSE,Coated Paper (C2S),PINDO HI BULK GOLD,PINDO,210.0,Paper,White,25*36,900,16.443,87.0,4110.75,250.0,1 Day,1.0,250.0,Yes,,,,
PP448,VEN006,F.AHMED PAPER HOUSE,Coated Paper (C2S),PINDO HI BULK GOLD,PINDO,210.0,Paper,White,23*36,828,15.12756,87.0,3781.89,250.0,1 Day,1.0,250.0,Yes,,,,
PP449,VEN006,F.AHMED PAPER HOUSE,Coated Paper (C2S),PINDO HI BULK GOLD,PINDO,210.0,Paper,White,22*28,616,11.25432,87.0,2813.58,250.0,1 Day,1.0,250.0,Yes,,,,
PP450,VEN008,PANNALAL SEAL & SONS,BOND PAPER,JK EXCEL BOND,JK,120.0,Paper,White,25*36,900,11.448,106.0,5724,500.0,1 Day,1.0,250.0,Yes,,,,
PP451,VEN008,PANNALAL SEAL & SONS,BOND PAPER,JK EXCEL BOND,JK,100.0,Paper,White,18*23,414,4.3884,106.0,2194.2,500.0,1 Day,1.0,250.0,Yes,,,,
PP452,VEN008,PANNALAL SEAL & SONS,BOND PAPER,JK EXCEL BOND,JK,80.0,Paper,White,17*24,408,3.45984,106.0,1729.92,500.0,1 Day,1.0,250.0,Yes,,,,
PP453,VEN008,PANNALAL SEAL & SONS,BOND PAPER,JK EXCEL BOND,JK,80.0,Paper,White,18*23,414,3.51072,106.0,1755.36,500.0,1 Day,1.0,250.0,Yes,,,,
PP454,VEN008,PANNALAL SEAL & SONS,Coated Paper (C2S),GLOSS ART PAPER,HI COAT,170.0,Paper,White,25*36,900,16.218,106.0,8109,500.0,1 Day,1.0,,Yes,,,,
PP455,VEN008,PANNALAL SEAL & SONS,MATT,GLOSS ART PAPER,HI COAT,170.0,Paper,White,25*36,900,16.218,106.0,8109,500.0,1 Day,1.0,,Yes,,,,
PP456,VEN008,PANNALAL SEAL & SONS,Adhesive Coated ,GUMMING SHEET(AVERY),AVERY,,Paper,White,12*18,216,5.1,,2550,500.0,1 Day,1.0,100.0,Yes,,,,
PP457,VEN008,PANNALAL SEAL & SONS,Adhesive Coated ,GUMMING SHEET(AVERY),AVERY,,Paper,White,18*24,432,8.75,,4375,500.0,1 Day,1.0,100.0,Yes,,,,
PP458,VEN008,PANNALAL SEAL & SONS,Adhesive Coated ,GUMMING SHEET(AVERY),AVERY,,Paper,White,20*30,600,11.7,,5850,500.0,1 Day,1.0,100.0,Yes,,,,
PP459,VEN008,PANNALAL SEAL & SONS,Adhesive Coated ,GUMMING SHEET(AVERY),AVERY,,Paper,White,18*23,414,8.4,,4200,500.0,1 Day,1.0,100.0,Yes,,,,
PP460,VEN008,PANNALAL SEAL & SONS,Coated Paper (C2S),HIZINE,BALLARPUR,120.0,Paper,White,25*36,900,,82.0,0,500.0,1 Day,1.0,250.0,Yes,,,,
PP461,VEN009,A.K. TRADING PVT LTD,Coated Paper (C2S),GLAMKOT,EMAMI,300.0,Paper,White,25*36,900,21.33,79.0,10665,500.0,1 Day,1.0,100.0,yes,,,,
PP462,VEN009,A.K. TRADING PVT LTD,Coated Paper (C2S),GLAMKOT,EMAMI,300.0,Paper,White,23*36,828,19.6236,79.0,9811.8,500.0,1 Day,1.0,100.0,yes,,,,
PP463,VEN009,A.K. TRADING PVT LTD,Coated Paper (C2S),GLAMKOT,EMAMI,350.0,Paper,White,25*36,900,24.885,79.0,12442.5,500.0,1 Day,1.0,100.0,yes,,,,
PP464,VEN009,A.K. TRADING PVT LTD,Coated Paper (C2S),GLAMKOT,EMAMI,350.0,Paper,White,23*36,828,22.8942,79.0,11447.1,500.0,1 Day,1.0,100.0,yes,,,,
PP465,VEN009,A.K. TRADING PVT LTD,Coated Paper (C2S),GLAMKOT,EMAMI,320.0,Paper,White,25*36,900,22.752,79.0,11376,500.0,1 Day,1.0,100.0,yes,,,,
PP466,VEN009,A.K. TRADING PVT LTD,Coated Paper (C2S),GLAMKOT,EMAMI,260.0,Paper,White,24.25*17.76,430.68,8.8461672,79.0,4423.0836,500.0,1 Day,1.0,100.0,yes,,,,
PP467,VEN009,A.K. TRADING PVT LTD,Coated Paper (C2S),GLAMKOT,EMAMI,250.0,Paper,White,23*36,828,16.353,79.0,8176.5,500.0,1 Day,1.0,100.0,yes,,,,
PP468,VEN009,A.K. TRADING PVT LTD,Coated Paper (C2S),GLAMKOT,EMAMI,250.0,Paper,White,25*36,900,17.775,79.0,8887.5,500.0,1 Day,1.0,100.0,yes,,,,
PP469,VEN009,A.K. TRADING PVT LTD,Coated Paper (C2S),GLAMKOT,EMAMI,250.0,Paper,White,31*42,1302,25.7145,79.0,12857.25,500.0,1 Day,1.0,100.0,yes,,,,
PP470,VEN009,A.K. TRADING PVT LTD,Coated Paper (C2S),GLAMKOT,EMAMI,220.0,Paper,White,28*33,924,16.05912,79.0,8029.56,500.0,1 Day,1.0,100.0,yes,,,,
PP471,VEN009,A.K. TRADING PVT LTD,Coated Paper (C2S),GLAMKOT,EMAMI,220.0,Paper,White,31.5*41,1291.5,22.44627,79.0,11223.135,500.0,1 Day,1.0,100.0,yes,,,,
PP472,VEN009,A.K. TRADING PVT LTD,Coated Paper (C2S),GLAMKOT,EMAMI,220.0,Paper,White,32*42,1344,23.35872,79.0,11679.36,500.0,1 Day,1.0,100.0,yes,,,,
PP473,VEN009,A.K. TRADING PVT LTD,Coated Paper (C2S),GLAMKOT,EMAMI,200.0,Paper,White,22*28,616,9.7328,79.0,4866.4,500.0,1 Day,1.0,100.0,yes,,,,
PP474,VEN009,A.K. TRADING PVT LTD,Coated Paper (C2S),GLAMKOT,EMAMI,200.0,Paper,White,25*36,900,14.22,79.0,7110,500.0,1 Day,1.0,100.0,yes,,,,
PP475,VEN009,A.K. TRADING PVT LTD,Coated Paper (C2S),GLAMKOT,EMAMI,200.0,Paper,White,25*38,950,15.01,79.0,7505,500.0,1 Day,1.0,100.0,yes,,,,
PP476,VEN009,A.K. TRADING PVT LTD,Coated Paper (C2S),GLAMKOT,EMAMI,200.0,Paper,White,32*42,1344,21.2352,79.0,10617.6,500.0,1 Day,1.0,100.0,yes,,,,
,,,82.20338983,,,,,,,,,,,,,,,,,,,
